feature,feature_label,mean_abs_shap,split,rank
log_return_1,1-day log return,0.008890354442063812,split_001_2015-03-31_2017-06-28,1
macd_12_26,"MACD (12, 26)",0.008320149868411158,split_001_2015-03-31_2017-06-28,2
mom_20,20-day momentum,0.007378547376984815,split_001_2015-03-31_2017-06-28,3
ret_std_60,60-day return volatility,0.0063950491502141665,split_001_2015-03-31_2017-06-28,4
ret_std_10,10-day return volatility,0.006380391719198809,split_001_2015-03-31_2017-06-28,5
ret_mean_10,10-day average return,0.005447985611989537,split_001_2015-03-31_2017-06-28,6
rsi_14,14-day RSI,0.005298652725264407,split_001_2015-03-31_2017-06-28,7
simple_return_1,1-day simple return,0.005114624439654506,split_001_2015-03-31_2017-06-28,8
ret_std_5,5-day return volatility,0.004745741216162766,split_001_2015-03-31_2017-06-28,9
mom_10,10-day momentum,0.004545879297423627,split_001_2015-03-31_2017-06-28,10
ret_std_20,20-day return volatility,0.004331684153418965,split_001_2015-03-31_2017-06-28,11
volume_chg,Volume change,0.004253131172221447,split_001_2015-03-31_2017-06-28,12
ret_mean_60,60-day average return,0.003649944824103818,split_001_2015-03-31_2017-06-28,13
volume,Trading volume,0.003520524020583132,split_001_2015-03-31_2017-06-28,14
mom_60,60-day momentum,0.003217806311541676,split_001_2015-03-31_2017-06-28,15
volume_roll_mean_20,20-day average volume,0.0031389584094969063,split_001_2015-03-31_2017-06-28,16
mom_5,5-day momentum,0.002814375615592078,split_001_2015-03-31_2017-06-28,17
ret_mean_20,20-day average return,0.002632309395454842,split_001_2015-03-31_2017-06-28,18
macd_hist,MACD histogram,0.0026003279022194523,split_001_2015-03-31_2017-06-28,19
ret_mean_5,5-day average return,0.002583139386692629,split_001_2015-03-31_2017-06-28,20
macd_signal_9,MACD signal (9),0.002479009117629431,split_001_2015-03-31_2017-06-28,21
ticker_SPY,Asset indicator: SPY,0.0020761647713600324,split_001_2015-03-31_2017-06-28,22
ticker_EFA,Asset indicator: EFA,0.0020027983368045396,split_001_2015-03-31_2017-06-28,23
ticker_TLT,Asset indicator: TLT,0.0020019286700915487,split_001_2015-03-31_2017-06-28,24
ticker_IWM,Asset indicator: IWM,0.001559196543323106,split_001_2015-03-31_2017-06-28,25
ret_std_20,20-day return volatility,0.01091636458199975,split_002_2015-06-30_2017-09-27,1
ret_mean_10,10-day average return,0.007691334968348813,split_002_2015-06-30_2017-09-27,2
rsi_14,14-day RSI,0.007671196495512496,split_002_2015-06-30_2017-09-27,3
mom_60,60-day momentum,0.005498884300270786,split_002_2015-06-30_2017-09-27,4
macd_hist,MACD histogram,0.004896103957494755,split_002_2015-06-30_2017-09-27,5
ret_std_10,10-day return volatility,0.004614567885389571,split_002_2015-06-30_2017-09-27,6
ticker_TLT,Asset indicator: TLT,0.004277130283388361,split_002_2015-06-30_2017-09-27,7
volume_roll_mean_20,20-day average volume,0.0042270034447610075,split_002_2015-06-30_2017-09-27,8
volume_chg,Volume change,0.0038745635611196092,split_002_2015-06-30_2017-09-27,9
ret_std_60,60-day return volatility,0.0036571200233411817,split_002_2015-06-30_2017-09-27,10
mom_5,5-day momentum,0.0035758415217925013,split_002_2015-06-30_2017-09-27,11
ret_std_5,5-day return volatility,0.003327631722611125,split_002_2015-06-30_2017-09-27,12
simple_return_1,1-day simple return,0.003239711234870855,split_002_2015-06-30_2017-09-27,13
mom_10,10-day momentum,0.003192186843051093,split_002_2015-06-30_2017-09-27,14
macd_12_26,"MACD (12, 26)",0.0029223663231740097,split_002_2015-06-30_2017-09-27,15
log_return_1,1-day log return,0.002887552200312056,split_002_2015-06-30_2017-09-27,16
ret_mean_20,20-day average return,0.0028407306997339263,split_002_2015-06-30_2017-09-27,17
mom_20,20-day momentum,0.002817623410278504,split_002_2015-06-30_2017-09-27,18
ticker_IWM,Asset indicator: IWM,0.00277335855613184,split_002_2015-06-30_2017-09-27,19
macd_signal_9,MACD signal (9),0.0026853650862725116,split_002_2015-06-30_2017-09-27,20
volume,Trading volume,0.0026777623223425196,split_002_2015-06-30_2017-09-27,21
ret_mean_5,5-day average return,0.0026296166320692272,split_002_2015-06-30_2017-09-27,22
ret_mean_60,60-day average return,0.00253698033058575,split_002_2015-06-30_2017-09-27,23
ticker_EFA,Asset indicator: EFA,0.001822490040898047,split_002_2015-06-30_2017-09-27,24
ticker_SPY,Asset indicator: SPY,0.00143623587490631,split_002_2015-06-30_2017-09-27,25
ret_std_60,60-day return volatility,0.016188716680502337,split_003_2015-09-29_2017-12-27,1
macd_signal_9,MACD signal (9),0.013271594905298294,split_003_2015-09-29_2017-12-27,2
macd_12_26,"MACD (12, 26)",0.012370537772663052,split_003_2015-09-29_2017-12-27,3
ret_std_20,20-day return volatility,0.011500164724536455,split_003_2015-09-29_2017-12-27,4
volume_chg,Volume change,0.009399240691667818,split_003_2015-09-29_2017-12-27,5
ticker_IWM,Asset indicator: IWM,0.009237515073153667,split_003_2015-09-29_2017-12-27,6
ret_mean_10,10-day average return,0.00888290698663904,split_003_2015-09-29_2017-12-27,7
ret_mean_60,60-day average return,0.008511247134101424,split_003_2015-09-29_2017-12-27,8
volume_roll_mean_20,20-day average volume,0.008015346047315807,split_003_2015-09-29_2017-12-27,9
ret_std_5,5-day return volatility,0.007578765568261409,split_003_2015-09-29_2017-12-27,10
mom_5,5-day momentum,0.0073446384022779546,split_003_2015-09-29_2017-12-27,11
mom_10,10-day momentum,0.0070075006087716276,split_003_2015-09-29_2017-12-27,12
ret_std_10,10-day return volatility,0.006818108964312085,split_003_2015-09-29_2017-12-27,13
rsi_14,14-day RSI,0.006363133190402028,split_003_2015-09-29_2017-12-27,14
log_return_1,1-day log return,0.006126093848505378,split_003_2015-09-29_2017-12-27,15
mom_20,20-day momentum,0.005836959303436385,split_003_2015-09-29_2017-12-27,16
ret_mean_5,5-day average return,0.005803727140104098,split_003_2015-09-29_2017-12-27,17
simple_return_1,1-day simple return,0.0057641484727103814,split_003_2015-09-29_2017-12-27,18
volume,Trading volume,0.005703588859626611,split_003_2015-09-29_2017-12-27,19
mom_60,60-day momentum,0.005408182009275941,split_003_2015-09-29_2017-12-27,20
ret_mean_20,20-day average return,0.004773844360487765,split_003_2015-09-29_2017-12-27,21
ticker_SPY,Asset indicator: SPY,0.0045618037511452655,split_003_2015-09-29_2017-12-27,22
macd_hist,MACD histogram,0.00442357884832268,split_003_2015-09-29_2017-12-27,23
ticker_TLT,Asset indicator: TLT,0.004244354375519707,split_003_2015-09-29_2017-12-27,24
ticker_EFA,Asset indicator: EFA,0.0027141243227844346,split_003_2015-09-29_2017-12-27,25
mom_10,10-day momentum,0.040285213601754646,split_004_2015-12-29_2018-03-29,1
macd_hist,MACD histogram,0.030914802693883033,split_004_2015-12-29_2018-03-29,2
volume,Trading volume,0.03035880815333827,split_004_2015-12-29_2018-03-29,3
mom_20,20-day momentum,0.029888411712211866,split_004_2015-12-29_2018-03-29,4
mom_5,5-day momentum,0.028107099157092693,split_004_2015-12-29_2018-03-29,5
ret_mean_10,10-day average return,0.027635614721320298,split_004_2015-12-29_2018-03-29,6
ret_mean_5,5-day average return,0.026998224361335355,split_004_2015-12-29_2018-03-29,7
ret_mean_20,20-day average return,0.025899305416870202,split_004_2015-12-29_2018-03-29,8
ret_std_20,20-day return volatility,0.025091375504458238,split_004_2015-12-29_2018-03-29,9
log_return_1,1-day log return,0.02285345060861401,split_004_2015-12-29_2018-03-29,10
ret_std_10,10-day return volatility,0.020900649595693346,split_004_2015-12-29_2018-03-29,11
rsi_14,14-day RSI,0.020808824351032804,split_004_2015-12-29_2018-03-29,12
volume_roll_mean_20,20-day average volume,0.020242175079760998,split_004_2015-12-29_2018-03-29,13
ret_std_5,5-day return volatility,0.019890906847871433,split_004_2015-12-29_2018-03-29,14
macd_signal_9,MACD signal (9),0.01929737470795143,split_004_2015-12-29_2018-03-29,15
macd_12_26,"MACD (12, 26)",0.01753588145718793,split_004_2015-12-29_2018-03-29,16
simple_return_1,1-day simple return,0.017301349824709,split_004_2015-12-29_2018-03-29,17
mom_60,60-day momentum,0.016044496850473086,split_004_2015-12-29_2018-03-29,18
ret_std_60,60-day return volatility,0.01602843084762524,split_004_2015-12-29_2018-03-29,19
ret_mean_60,60-day average return,0.016000735872080625,split_004_2015-12-29_2018-03-29,20
ticker_SPY,Asset indicator: SPY,0.014293381726138324,split_004_2015-12-29_2018-03-29,21
ticker_EFA,Asset indicator: EFA,0.01372239577528482,split_004_2015-12-29_2018-03-29,22
volume_chg,Volume change,0.012283183342118925,split_004_2015-12-29_2018-03-29,23
ticker_TLT,Asset indicator: TLT,0.010869818054055852,split_004_2015-12-29_2018-03-29,24
ticker_IWM,Asset indicator: IWM,0.007804031045970174,split_004_2015-12-29_2018-03-29,25
macd_signal_9,MACD signal (9),0.01028781310300943,split_005_2016-03-31_2018-06-28,1
ret_std_20,20-day return volatility,0.006256073337805989,split_005_2016-03-31_2018-06-28,2
ret_mean_10,10-day average return,0.0059815414357114694,split_005_2016-03-31_2018-06-28,3
mom_60,60-day momentum,0.005944207112054668,split_005_2016-03-31_2018-06-28,4
mom_20,20-day momentum,0.005743425012601259,split_005_2016-03-31_2018-06-28,5
ret_std_10,10-day return volatility,0.0052451693024464004,split_005_2016-03-31_2018-06-28,6
mom_10,10-day momentum,0.0049861994058255,split_005_2016-03-31_2018-06-28,7
ret_std_60,60-day return volatility,0.004946452658611721,split_005_2016-03-31_2018-06-28,8
rsi_14,14-day RSI,0.004908799070973703,split_005_2016-03-31_2018-06-28,9
ret_mean_20,20-day average return,0.00469049184554141,split_005_2016-03-31_2018-06-28,10
volume_roll_mean_20,20-day average volume,0.004684819552633804,split_005_2016-03-31_2018-06-28,11
macd_hist,MACD histogram,0.004659224410275901,split_005_2016-03-31_2018-06-28,12
macd_12_26,"MACD (12, 26)",0.004488124488841182,split_005_2016-03-31_2018-06-28,13
ret_mean_60,60-day average return,0.004416388042566341,split_005_2016-03-31_2018-06-28,14
ret_std_5,5-day return volatility,0.0043109238722407895,split_005_2016-03-31_2018-06-28,15
mom_5,5-day momentum,0.004247777455292078,split_005_2016-03-31_2018-06-28,16
ret_mean_5,5-day average return,0.004147965786735826,split_005_2016-03-31_2018-06-28,17
simple_return_1,1-day simple return,0.003998314890674421,split_005_2016-03-31_2018-06-28,18
log_return_1,1-day log return,0.0038961515406812867,split_005_2016-03-31_2018-06-28,19
volume,Trading volume,0.0036927324540703276,split_005_2016-03-31_2018-06-28,20
volume_chg,Volume change,0.0036335693722292254,split_005_2016-03-31_2018-06-28,21
ticker_TLT,Asset indicator: TLT,0.0031416971170338294,split_005_2016-03-31_2018-06-28,22
ticker_SPY,Asset indicator: SPY,0.0026400386277747466,split_005_2016-03-31_2018-06-28,23
ticker_IWM,Asset indicator: IWM,0.00262278137922529,split_005_2016-03-31_2018-06-28,24
ticker_EFA,Asset indicator: EFA,0.00195174069618852,split_005_2016-03-31_2018-06-28,25
rsi_14,14-day RSI,0.024388919173805156,split_006_2016-06-29_2018-09-27,1
ret_mean_10,10-day average return,0.021839611513314594,split_006_2016-06-29_2018-09-27,2
mom_20,20-day momentum,0.019341997742393563,split_006_2016-06-29_2018-09-27,3
macd_12_26,"MACD (12, 26)",0.016849080816975063,split_006_2016-06-29_2018-09-27,4
mom_10,10-day momentum,0.016549735494286656,split_006_2016-06-29_2018-09-27,5
log_return_1,1-day log return,0.01608479125342995,split_006_2016-06-29_2018-09-27,6
ret_mean_5,5-day average return,0.01530266331430199,split_006_2016-06-29_2018-09-27,7
ret_std_10,10-day return volatility,0.014625885396851775,split_006_2016-06-29_2018-09-27,8
ret_mean_60,60-day average return,0.014315001346847388,split_006_2016-06-29_2018-09-27,9
mom_60,60-day momentum,0.013472403623781269,split_006_2016-06-29_2018-09-27,10
simple_return_1,1-day simple return,0.013118355288593822,split_006_2016-06-29_2018-09-27,11
macd_signal_9,MACD signal (9),0.012265340937940381,split_006_2016-06-29_2018-09-27,12
mom_5,5-day momentum,0.010342503377407736,split_006_2016-06-29_2018-09-27,13
macd_hist,MACD histogram,0.009609008495169654,split_006_2016-06-29_2018-09-27,14
volume_roll_mean_20,20-day average volume,0.009604013885316492,split_006_2016-06-29_2018-09-27,15
volume_chg,Volume change,0.009309306553419683,split_006_2016-06-29_2018-09-27,16
ret_std_60,60-day return volatility,0.008908129010240195,split_006_2016-06-29_2018-09-27,17
ret_mean_20,20-day average return,0.00859318356189642,split_006_2016-06-29_2018-09-27,18
ticker_TLT,Asset indicator: TLT,0.008232274238156886,split_006_2016-06-29_2018-09-27,19
ret_std_5,5-day return volatility,0.007979940100004176,split_006_2016-06-29_2018-09-27,20
volume,Trading volume,0.007267228166200788,split_006_2016-06-29_2018-09-27,21
ret_std_20,20-day return volatility,0.006739184842297071,split_006_2016-06-29_2018-09-27,22
ticker_EFA,Asset indicator: EFA,0.006589533929259713,split_006_2016-06-29_2018-09-27,23
ticker_SPY,Asset indicator: SPY,0.00570757399908893,split_006_2016-06-29_2018-09-27,24
ticker_IWM,Asset indicator: IWM,0.005509172426623931,split_006_2016-06-29_2018-09-27,25
macd_signal_9,MACD signal (9),0.02035356773128905,split_007_2016-09-28_2018-12-28,1
ret_std_20,20-day return volatility,0.019833060255655628,split_007_2016-09-28_2018-12-28,2
ret_mean_60,60-day average return,0.017603096842157967,split_007_2016-09-28_2018-12-28,3
mom_20,20-day momentum,0.016948267759647428,split_007_2016-09-28_2018-12-28,4
ret_std_60,60-day return volatility,0.016271415865645157,split_007_2016-09-28_2018-12-28,5
ret_mean_10,10-day average return,0.0161264329723113,split_007_2016-09-28_2018-12-28,6
ret_mean_20,20-day average return,0.016105329497625717,split_007_2016-09-28_2018-12-28,7
ret_std_10,10-day return volatility,0.014784481464198133,split_007_2016-09-28_2018-12-28,8
ret_std_5,5-day return volatility,0.01458375394899211,split_007_2016-09-28_2018-12-28,9
mom_5,5-day momentum,0.013924135959284479,split_007_2016-09-28_2018-12-28,10
log_return_1,1-day log return,0.012983258962120716,split_007_2016-09-28_2018-12-28,11
mom_60,60-day momentum,0.012252097976476656,split_007_2016-09-28_2018-12-28,12
macd_12_26,"MACD (12, 26)",0.011462001961591027,split_007_2016-09-28_2018-12-28,13
mom_10,10-day momentum,0.01022457756856757,split_007_2016-09-28_2018-12-28,14
volume,Trading volume,0.00962790891115547,split_007_2016-09-28_2018-12-28,15
rsi_14,14-day RSI,0.008623007647433132,split_007_2016-09-28_2018-12-28,16
ret_mean_5,5-day average return,0.008302245910931934,split_007_2016-09-28_2018-12-28,17
simple_return_1,1-day simple return,0.008079496690996047,split_007_2016-09-28_2018-12-28,18
macd_hist,MACD histogram,0.007814261931791229,split_007_2016-09-28_2018-12-28,19
volume_roll_mean_20,20-day average volume,0.007754029323029395,split_007_2016-09-28_2018-12-28,20
volume_chg,Volume change,0.005092855061747525,split_007_2016-09-28_2018-12-28,21
ticker_IWM,Asset indicator: IWM,0.004617941488642499,split_007_2016-09-28_2018-12-28,22
ticker_TLT,Asset indicator: TLT,0.004563824379974754,split_007_2016-09-28_2018-12-28,23
ticker_SPY,Asset indicator: SPY,0.0033920796257782475,split_007_2016-09-28_2018-12-28,24
ticker_EFA,Asset indicator: EFA,0.002566742896335915,split_007_2016-09-28_2018-12-28,25
macd_signal_9,MACD signal (9),0.017835981682996223,split_008_2016-12-28_2019-04-01,1
mom_20,20-day momentum,0.017076105703247284,split_008_2016-12-28_2019-04-01,2
ret_std_60,60-day return volatility,0.015154595213017109,split_008_2016-12-28_2019-04-01,3
ret_std_10,10-day return volatility,0.014570189803068432,split_008_2016-12-28_2019-04-01,4
ret_mean_10,10-day average return,0.013915320073785969,split_008_2016-12-28_2019-04-01,5
mom_10,10-day momentum,0.011982279126194222,split_008_2016-12-28_2019-04-01,6
ret_mean_20,20-day average return,0.011420172042383709,split_008_2016-12-28_2019-04-01,7
macd_12_26,"MACD (12, 26)",0.01104668571184209,split_008_2016-12-28_2019-04-01,8
ret_std_5,5-day return volatility,0.010098354957499694,split_008_2016-12-28_2019-04-01,9
mom_60,60-day momentum,0.009387131142986737,split_008_2016-12-28_2019-04-01,10
ret_std_20,20-day return volatility,0.008309463182416441,split_008_2016-12-28_2019-04-01,11
macd_hist,MACD histogram,0.008052356471619563,split_008_2016-12-28_2019-04-01,12
rsi_14,14-day RSI,0.00804138311119817,split_008_2016-12-28_2019-04-01,13
mom_5,5-day momentum,0.00768771805248479,split_008_2016-12-28_2019-04-01,14
ret_mean_60,60-day average return,0.007534651254439111,split_008_2016-12-28_2019-04-01,15
volume,Trading volume,0.007173438044133707,split_008_2016-12-28_2019-04-01,16
simple_return_1,1-day simple return,0.006546957887741107,split_008_2016-12-28_2019-04-01,17
ret_mean_5,5-day average return,0.006252715911098109,split_008_2016-12-28_2019-04-01,18
volume_roll_mean_20,20-day average volume,0.006206595620980926,split_008_2016-12-28_2019-04-01,19
log_return_1,1-day log return,0.0057665604794550985,split_008_2016-12-28_2019-04-01,20
ticker_SPY,Asset indicator: SPY,0.0050615988402271,split_008_2016-12-28_2019-04-01,21
volume_chg,Volume change,0.004632641128944308,split_008_2016-12-28_2019-04-01,22
ticker_IWM,Asset indicator: IWM,0.0031086991158771836,split_008_2016-12-28_2019-04-01,23
ticker_TLT,Asset indicator: TLT,0.0027671822844255434,split_008_2016-12-28_2019-04-01,24
ticker_EFA,Asset indicator: EFA,0.00253618673751276,split_008_2016-12-28_2019-04-01,25
ret_mean_10,10-day average return,0.010688147965342572,split_009_2017-03-30_2019-07-01,1
rsi_14,14-day RSI,0.010397631614697327,split_009_2017-03-30_2019-07-01,2
mom_10,10-day momentum,0.00936728054263612,split_009_2017-03-30_2019-07-01,3
log_return_1,1-day log return,0.009310596849974264,split_009_2017-03-30_2019-07-01,4
ret_std_5,5-day return volatility,0.008928172656844134,split_009_2017-03-30_2019-07-01,5
ret_std_10,10-day return volatility,0.007627323897705958,split_009_2017-03-30_2019-07-01,6
mom_60,60-day momentum,0.007292608742503264,split_009_2017-03-30_2019-07-01,7
ret_mean_60,60-day average return,0.007249206419738045,split_009_2017-03-30_2019-07-01,8
ret_std_20,20-day return volatility,0.007205564952720471,split_009_2017-03-30_2019-07-01,9
macd_12_26,"MACD (12, 26)",0.0071595418493512345,split_009_2017-03-30_2019-07-01,10
ret_mean_5,5-day average return,0.006975276807598283,split_009_2017-03-30_2019-07-01,11
macd_hist,MACD histogram,0.006485052198979425,split_009_2017-03-30_2019-07-01,12
simple_return_1,1-day simple return,0.006417782177341292,split_009_2017-03-30_2019-07-01,13
ret_mean_20,20-day average return,0.00632196624035241,split_009_2017-03-30_2019-07-01,14
mom_20,20-day momentum,0.006302067240394018,split_009_2017-03-30_2019-07-01,15
macd_signal_9,MACD signal (9),0.0061003770241938576,split_009_2017-03-30_2019-07-01,16
volume,Trading volume,0.005660755499109921,split_009_2017-03-30_2019-07-01,17
mom_5,5-day momentum,0.005521888592287783,split_009_2017-03-30_2019-07-01,18
ret_std_60,60-day return volatility,0.005293686568931174,split_009_2017-03-30_2019-07-01,19
volume_chg,Volume change,0.005211033351703763,split_009_2017-03-30_2019-07-01,20
ticker_EFA,Asset indicator: EFA,0.004436490827817868,split_009_2017-03-30_2019-07-01,21
ticker_TLT,Asset indicator: TLT,0.003906858159379174,split_009_2017-03-30_2019-07-01,22
volume_roll_mean_20,20-day average volume,0.003751033920736991,split_009_2017-03-30_2019-07-01,23
ticker_SPY,Asset indicator: SPY,0.0033637959232891727,split_009_2017-03-30_2019-07-01,24
ticker_IWM,Asset indicator: IWM,0.0027562562699892986,split_009_2017-03-30_2019-07-01,25
volume_chg,Volume change,9.423128712101898,split_010_2017-06-29_2019-09-30,1
mom_5,5-day momentum,0.021713524827294262,split_010_2017-06-29_2019-09-30,2
ret_mean_5,5-day average return,0.0188907128267308,split_010_2017-06-29_2019-09-30,3
mom_20,20-day momentum,0.016977636976662325,split_010_2017-06-29_2019-09-30,4
mom_60,60-day momentum,0.015382748583511609,split_010_2017-06-29_2019-09-30,5
macd_hist,MACD histogram,0.014081591034952115,split_010_2017-06-29_2019-09-30,6
macd_signal_9,MACD signal (9),0.013625203056782935,split_010_2017-06-29_2019-09-30,7
ret_std_10,10-day return volatility,0.01260788657104821,split_010_2017-06-29_2019-09-30,8
mom_10,10-day momentum,0.012166863150513007,split_010_2017-06-29_2019-09-30,9
rsi_14,14-day RSI,0.012123873067755466,split_010_2017-06-29_2019-09-30,10
ret_mean_10,10-day average return,0.011596147978531418,split_010_2017-06-29_2019-09-30,11
ret_std_20,20-day return volatility,0.010894619531222081,split_010_2017-06-29_2019-09-30,12
simple_return_1,1-day simple return,0.010411046171699832,split_010_2017-06-29_2019-09-30,13
log_return_1,1-day log return,0.010396494154255994,split_010_2017-06-29_2019-09-30,14
ret_mean_60,60-day average return,0.010134700532768376,split_010_2017-06-29_2019-09-30,15
ret_mean_20,20-day average return,0.010004077203179364,split_010_2017-06-29_2019-09-30,16
macd_12_26,"MACD (12, 26)",0.009224950236275177,split_010_2017-06-29_2019-09-30,17
ret_std_5,5-day return volatility,0.008501810946449216,split_010_2017-06-29_2019-09-30,18
volume_roll_mean_20,20-day average volume,0.006983873272709447,split_010_2017-06-29_2019-09-30,19
volume,Trading volume,0.006106039693511247,split_010_2017-06-29_2019-09-30,20
ret_std_60,60-day return volatility,0.005797352952413348,split_010_2017-06-29_2019-09-30,21
ticker_IWM,Asset indicator: IWM,0.005076208115995894,split_010_2017-06-29_2019-09-30,22
ticker_EFA,Asset indicator: EFA,0.004302449348386055,split_010_2017-06-29_2019-09-30,23
ticker_TLT,Asset indicator: TLT,0.004078577936026352,split_010_2017-06-29_2019-09-30,24
ticker_SPY,Asset indicator: SPY,0.004043597064038852,split_010_2017-06-29_2019-09-30,25
rsi_14,14-day RSI,0.015375356970418414,split_011_2017-09-28_2019-12-30,1
ret_mean_10,10-day average return,0.014850691002856147,split_011_2017-09-28_2019-12-30,2
mom_10,10-day momentum,0.013495441022990964,split_011_2017-09-28_2019-12-30,3
ret_mean_20,20-day average return,0.013305604787738724,split_011_2017-09-28_2019-12-30,4
macd_signal_9,MACD signal (9),0.01247842810779963,split_011_2017-09-28_2019-12-30,5
ret_mean_60,60-day average return,0.012342547041494862,split_011_2017-09-28_2019-12-30,6
mom_20,20-day momentum,0.01174467856154396,split_011_2017-09-28_2019-12-30,7
ret_mean_5,5-day average return,0.011608814473084967,split_011_2017-09-28_2019-12-30,8
mom_5,5-day momentum,0.01132239529216943,split_011_2017-09-28_2019-12-30,9
macd_12_26,"MACD (12, 26)",0.010412785390054365,split_011_2017-09-28_2019-12-30,10
ret_std_5,5-day return volatility,0.009972571383341271,split_011_2017-09-28_2019-12-30,11
mom_60,60-day momentum,0.00994643775834823,split_011_2017-09-28_2019-12-30,12
ret_std_10,10-day return volatility,0.009505128452887717,split_011_2017-09-28_2019-12-30,13
ret_std_60,60-day return volatility,0.009269644244822234,split_011_2017-09-28_2019-12-30,14
ticker_TLT,Asset indicator: TLT,0.009251036111304867,split_011_2017-09-28_2019-12-30,15
simple_return_1,1-day simple return,0.00850382218265795,split_011_2017-09-28_2019-12-30,16
ret_std_20,20-day return volatility,0.008405723894055363,split_011_2017-09-28_2019-12-30,17
log_return_1,1-day log return,0.008285366569486714,split_011_2017-09-28_2019-12-30,18
volume_roll_mean_20,20-day average volume,0.00822429331082058,split_011_2017-09-28_2019-12-30,19
ticker_SPY,Asset indicator: SPY,0.007775705341395945,split_011_2017-09-28_2019-12-30,20
ticker_EFA,Asset indicator: EFA,0.006653904377231841,split_011_2017-09-28_2019-12-30,21
macd_hist,MACD histogram,0.006108239109319331,split_011_2017-09-28_2019-12-30,22
volume,Trading volume,0.005929630976733136,split_011_2017-09-28_2019-12-30,23
ticker_IWM,Asset indicator: IWM,0.005430650698933976,split_011_2017-09-28_2019-12-30,24
volume_chg,Volume change,1.1775745898551742e-05,split_011_2017-09-28_2019-12-30,25
ret_std_20,20-day return volatility,0.07130662415063047,split_012_2017-12-28_2020-03-31,1
ret_std_10,10-day return volatility,0.06578648818582386,split_012_2017-12-28_2020-03-31,2
ret_std_60,60-day return volatility,0.05536196776689409,split_012_2017-12-28_2020-03-31,3
mom_5,5-day momentum,0.04777544195604879,split_012_2017-12-28_2020-03-31,4
ret_std_5,5-day return volatility,0.04738806310174035,split_012_2017-12-28_2020-03-31,5
ret_mean_10,10-day average return,0.04340171564917096,split_012_2017-12-28_2020-03-31,6
mom_10,10-day momentum,0.03456465320056399,split_012_2017-12-28_2020-03-31,7
log_return_1,1-day log return,0.031926171776380276,split_012_2017-12-28_2020-03-31,8
ret_mean_20,20-day average return,0.03100103699394023,split_012_2017-12-28_2020-03-31,9
macd_signal_9,MACD signal (9),0.02965989291568086,split_012_2017-12-28_2020-03-31,10
mom_60,60-day momentum,0.026470855321549164,split_012_2017-12-28_2020-03-31,11
ret_mean_5,5-day average return,0.024499607618616106,split_012_2017-12-28_2020-03-31,12
macd_hist,MACD histogram,0.022550418505414834,split_012_2017-12-28_2020-03-31,13
mom_20,20-day momentum,0.022466671907092336,split_012_2017-12-28_2020-03-31,14
macd_12_26,"MACD (12, 26)",0.02224673422993297,split_012_2017-12-28_2020-03-31,15
ret_mean_60,60-day average return,0.021839812704079455,split_012_2017-12-28_2020-03-31,16
simple_return_1,1-day simple return,0.018144049234843265,split_012_2017-12-28_2020-03-31,17
rsi_14,14-day RSI,0.011610323622668015,split_012_2017-12-28_2020-03-31,18
volume_roll_mean_20,20-day average volume,0.009115803865751058,split_012_2017-12-28_2020-03-31,19
volume,Trading volume,0.007370697753634058,split_012_2017-12-28_2020-03-31,20
ticker_EFA,Asset indicator: EFA,0.0040910033932471754,split_012_2017-12-28_2020-03-31,21
ticker_IWM,Asset indicator: IWM,0.003940612874607834,split_012_2017-12-28_2020-03-31,22
ticker_SPY,Asset indicator: SPY,0.003885426057374529,split_012_2017-12-28_2020-03-31,23
ticker_TLT,Asset indicator: TLT,0.0032360144108812476,split_012_2017-12-28_2020-03-31,24
volume_chg,Volume change,3.2430406635625086e-06,split_012_2017-12-28_2020-03-31,25
ret_std_60,60-day return volatility,0.10631942692140829,split_013_2018-04-02_2020-06-30,1
mom_60,60-day momentum,0.04189347153672914,split_013_2018-04-02_2020-06-30,2
ret_std_20,20-day return volatility,0.03892472168182002,split_013_2018-04-02_2020-06-30,3
ret_mean_60,60-day average return,0.035825119125022654,split_013_2018-04-02_2020-06-30,4
ret_mean_20,20-day average return,0.029317212281257082,split_013_2018-04-02_2020-06-30,5
macd_hist,MACD histogram,0.028944431415300464,split_013_2018-04-02_2020-06-30,6
mom_20,20-day momentum,0.028889968391929987,split_013_2018-04-02_2020-06-30,7
ret_std_10,10-day return volatility,0.026991030882061572,split_013_2018-04-02_2020-06-30,8
mom_5,5-day momentum,0.025807986324733478,split_013_2018-04-02_2020-06-30,9
volume_roll_mean_20,20-day average volume,0.0239890202101674,split_013_2018-04-02_2020-06-30,10
ret_mean_10,10-day average return,0.02195243769073556,split_013_2018-04-02_2020-06-30,11
simple_return_1,1-day simple return,0.020965488316017775,split_013_2018-04-02_2020-06-30,12
macd_signal_9,MACD signal (9),0.020459561088826125,split_013_2018-04-02_2020-06-30,13
mom_10,10-day momentum,0.02008753831478686,split_013_2018-04-02_2020-06-30,14
ret_std_5,5-day return volatility,0.01992286154878767,split_013_2018-04-02_2020-06-30,15
volume,Trading volume,0.018386577835261094,split_013_2018-04-02_2020-06-30,16
log_return_1,1-day log return,0.01642866748443339,split_013_2018-04-02_2020-06-30,17
ret_mean_5,5-day average return,0.01474198350023641,split_013_2018-04-02_2020-06-30,18
macd_12_26,"MACD (12, 26)",0.011129621400654493,split_013_2018-04-02_2020-06-30,19
ticker_TLT,Asset indicator: TLT,0.010372661711455027,split_013_2018-04-02_2020-06-30,20
ticker_IWM,Asset indicator: IWM,0.008773840818262178,split_013_2018-04-02_2020-06-30,21
rsi_14,14-day RSI,0.008759431951333002,split_013_2018-04-02_2020-06-30,22
ticker_SPY,Asset indicator: SPY,0.008251001823411822,split_013_2018-04-02_2020-06-30,23
ticker_EFA,Asset indicator: EFA,0.00621761148014651,split_013_2018-04-02_2020-06-30,24
volume_chg,Volume change,3.8487115229472185e-06,split_013_2018-04-02_2020-06-30,25
ret_mean_60,60-day average return,0.006562028131788079,split_014_2018-06-29_2020-09-29,1
macd_hist,MACD histogram,0.006296578523823665,split_014_2018-06-29_2020-09-29,2
mom_60,60-day momentum,0.006285189333396352,split_014_2018-06-29_2020-09-29,3
macd_12_26,"MACD (12, 26)",0.006188972757800077,split_014_2018-06-29_2020-09-29,4
volume,Trading volume,0.006107976585508743,split_014_2018-06-29_2020-09-29,5
ret_mean_20,20-day average return,0.005956235467335717,split_014_2018-06-29_2020-09-29,6
rsi_14,14-day RSI,0.0059009626983733,split_014_2018-06-29_2020-09-29,7
macd_signal_9,MACD signal (9),0.005844301056340029,split_014_2018-06-29_2020-09-29,8
volume_roll_mean_20,20-day average volume,0.004748230616630379,split_014_2018-06-29_2020-09-29,9
mom_5,5-day momentum,0.0044052711380437575,split_014_2018-06-29_2020-09-29,10
mom_10,10-day momentum,0.004373293825687864,split_014_2018-06-29_2020-09-29,11
log_return_1,1-day log return,0.0041339679128486375,split_014_2018-06-29_2020-09-29,12
mom_20,20-day momentum,0.00409205936921353,split_014_2018-06-29_2020-09-29,13
ret_std_20,20-day return volatility,0.004040881401943649,split_014_2018-06-29_2020-09-29,14
simple_return_1,1-day simple return,0.003967843277339943,split_014_2018-06-29_2020-09-29,15
ret_std_60,60-day return volatility,0.0038328543134622493,split_014_2018-06-29_2020-09-29,16
ticker_SPY,Asset indicator: SPY,0.003681009556736878,split_014_2018-06-29_2020-09-29,17
ret_std_5,5-day return volatility,0.0034113777976002412,split_014_2018-06-29_2020-09-29,18
ret_std_10,10-day return volatility,0.00335174846544899,split_014_2018-06-29_2020-09-29,19
ticker_TLT,Asset indicator: TLT,0.003124593133070598,split_014_2018-06-29_2020-09-29,20
ret_mean_10,10-day average return,0.0029024134143906277,split_014_2018-06-29_2020-09-29,21
ret_mean_5,5-day average return,0.002887809675056747,split_014_2018-06-29_2020-09-29,22
ticker_EFA,Asset indicator: EFA,0.002745331625222259,split_014_2018-06-29_2020-09-29,23
volume_chg,Volume change,0.002182063188543975,split_014_2018-06-29_2020-09-29,24
ticker_IWM,Asset indicator: IWM,0.0019106360377956046,split_014_2018-06-29_2020-09-29,25
ret_mean_60,60-day average return,0.00810449776250965,split_015_2018-09-28_2020-12-29,1
macd_12_26,"MACD (12, 26)",0.007936215118415482,split_015_2018-09-28_2020-12-29,2
mom_10,10-day momentum,0.007795146488921896,split_015_2018-09-28_2020-12-29,3
ret_mean_10,10-day average return,0.007670275095405799,split_015_2018-09-28_2020-12-29,4
ret_mean_20,20-day average return,0.00766664854001617,split_015_2018-09-28_2020-12-29,5
macd_signal_9,MACD signal (9),0.007363300364961076,split_015_2018-09-28_2020-12-29,6
simple_return_1,1-day simple return,0.007324554848041696,split_015_2018-09-28_2020-12-29,7
mom_60,60-day momentum,0.006859622867896029,split_015_2018-09-28_2020-12-29,8
mom_20,20-day momentum,0.006668868982473452,split_015_2018-09-28_2020-12-29,9
ticker_SPY,Asset indicator: SPY,0.00602356292265391,split_015_2018-09-28_2020-12-29,10
rsi_14,14-day RSI,0.005828899921600735,split_015_2018-09-28_2020-12-29,11
ret_mean_5,5-day average return,0.0057577240693747435,split_015_2018-09-28_2020-12-29,12
mom_5,5-day momentum,0.005687202984711907,split_015_2018-09-28_2020-12-29,13
log_return_1,1-day log return,0.005222614978951331,split_015_2018-09-28_2020-12-29,14
macd_hist,MACD histogram,0.0048689503856905025,split_015_2018-09-28_2020-12-29,15
volume_roll_mean_20,20-day average volume,0.0045507118595166695,split_015_2018-09-28_2020-12-29,16
ticker_IWM,Asset indicator: IWM,0.004471747502677437,split_015_2018-09-28_2020-12-29,17
ret_std_20,20-day return volatility,0.004086354028764677,split_015_2018-09-28_2020-12-29,18
volume,Trading volume,0.0038146463601032203,split_015_2018-09-28_2020-12-29,19
ret_std_10,10-day return volatility,0.0036399200091152316,split_015_2018-09-28_2020-12-29,20
ticker_TLT,Asset indicator: TLT,0.0030133347849127337,split_015_2018-09-28_2020-12-29,21
ret_std_60,60-day return volatility,0.0026827623883409466,split_015_2018-09-28_2020-12-29,22
ticker_EFA,Asset indicator: EFA,0.002591734083403324,split_015_2018-09-28_2020-12-29,23
ret_std_5,5-day return volatility,0.0024617632660040535,split_015_2018-09-28_2020-12-29,24
volume_chg,Volume change,5.861627871302757e-06,split_015_2018-09-28_2020-12-29,25
ret_mean_60,60-day average return,0.015549267106243566,split_016_2018-12-31_2021-03-31,1
mom_60,60-day momentum,0.014767551197051474,split_016_2018-12-31_2021-03-31,2
macd_signal_9,MACD signal (9),0.00895992150570589,split_016_2018-12-31_2021-03-31,3
log_return_1,1-day log return,0.008278839925145392,split_016_2018-12-31_2021-03-31,4
volume_roll_mean_20,20-day average volume,0.008258845245783901,split_016_2018-12-31_2021-03-31,5
macd_12_26,"MACD (12, 26)",0.008169155901947717,split_016_2018-12-31_2021-03-31,6
rsi_14,14-day RSI,0.0071802577130872505,split_016_2018-12-31_2021-03-31,7
ret_std_10,10-day return volatility,0.00682434210683559,split_016_2018-12-31_2021-03-31,8
ret_mean_5,5-day average return,0.0068240576642452765,split_016_2018-12-31_2021-03-31,9
ret_std_20,20-day return volatility,0.006238958659225553,split_016_2018-12-31_2021-03-31,10
ret_mean_20,20-day average return,0.006086918302102159,split_016_2018-12-31_2021-03-31,11
simple_return_1,1-day simple return,0.00586481377494267,split_016_2018-12-31_2021-03-31,12
mom_20,20-day momentum,0.005731712236968545,split_016_2018-12-31_2021-03-31,13
ret_mean_10,10-day average return,0.005652705313555236,split_016_2018-12-31_2021-03-31,14
volume,Trading volume,0.005613812663634763,split_016_2018-12-31_2021-03-31,15
mom_5,5-day momentum,0.005420389167826919,split_016_2018-12-31_2021-03-31,16
ticker_SPY,Asset indicator: SPY,0.005380426369796506,split_016_2018-12-31_2021-03-31,17
ret_std_5,5-day return volatility,0.00491649512109542,split_016_2018-12-31_2021-03-31,18
ret_std_60,60-day return volatility,0.004806352903605946,split_016_2018-12-31_2021-03-31,19
mom_10,10-day momentum,0.004593306696469588,split_016_2018-12-31_2021-03-31,20
macd_hist,MACD histogram,0.0036650349359426343,split_016_2018-12-31_2021-03-31,21
ticker_EFA,Asset indicator: EFA,0.0036432135500710445,split_016_2018-12-31_2021-03-31,22
ticker_TLT,Asset indicator: TLT,0.002916454378831282,split_016_2018-12-31_2021-03-31,23
ticker_IWM,Asset indicator: IWM,0.0028684042491191105,split_016_2018-12-31_2021-03-31,24
volume_chg,Volume change,3.0202522432841395e-06,split_016_2018-12-31_2021-03-31,25
log_return_1,1-day log return,0.009112327727864397,split_017_2019-04-02_2021-06-30,1
ret_std_5,5-day return volatility,0.008717425198227836,split_017_2019-04-02_2021-06-30,2
mom_5,5-day momentum,0.005977955432512287,split_017_2019-04-02_2021-06-30,3
simple_return_1,1-day simple return,0.005908880433948491,split_017_2019-04-02_2021-06-30,4
macd_signal_9,MACD signal (9),0.005587767744025558,split_017_2019-04-02_2021-06-30,5
volume_roll_mean_20,20-day average volume,0.005527319225778732,split_017_2019-04-02_2021-06-30,6
macd_12_26,"MACD (12, 26)",0.0048004598449386485,split_017_2019-04-02_2021-06-30,7
mom_20,20-day momentum,0.004755966493185267,split_017_2019-04-02_2021-06-30,8
ret_std_20,20-day return volatility,0.004667643138952168,split_017_2019-04-02_2021-06-30,9
rsi_14,14-day RSI,0.004364316916928883,split_017_2019-04-02_2021-06-30,10
mom_10,10-day momentum,0.004323084361722292,split_017_2019-04-02_2021-06-30,11
ret_mean_10,10-day average return,0.004269911136241506,split_017_2019-04-02_2021-06-30,12
ret_mean_60,60-day average return,0.0042654508351389715,split_017_2019-04-02_2021-06-30,13
ret_mean_5,5-day average return,0.004133762709950907,split_017_2019-04-02_2021-06-30,14
ret_mean_20,20-day average return,0.004109090046271872,split_017_2019-04-02_2021-06-30,15
macd_hist,MACD histogram,0.003908304914012878,split_017_2019-04-02_2021-06-30,16
volume,Trading volume,0.0037507172440704125,split_017_2019-04-02_2021-06-30,17
ret_std_60,60-day return volatility,0.003706636677641895,split_017_2019-04-02_2021-06-30,18
ticker_TLT,Asset indicator: TLT,0.003681852662173862,split_017_2019-04-02_2021-06-30,19
ret_std_10,10-day return volatility,0.0034224819113555256,split_017_2019-04-02_2021-06-30,20
mom_60,60-day momentum,0.0030494653545863628,split_017_2019-04-02_2021-06-30,21
ticker_SPY,Asset indicator: SPY,0.0028392821810890637,split_017_2019-04-02_2021-06-30,22
ticker_EFA,Asset indicator: EFA,0.0025276147955218004,split_017_2019-04-02_2021-06-30,23
ticker_IWM,Asset indicator: IWM,0.001995577323375697,split_017_2019-04-02_2021-06-30,24
volume_chg,Volume change,3.834920450720315e-06,split_017_2019-04-02_2021-06-30,25
ret_std_10,10-day return volatility,0.019426758781354112,split_018_2019-07-02_2021-09-29,1
volume_roll_mean_20,20-day average volume,0.015483860567700668,split_018_2019-07-02_2021-09-29,2
log_return_1,1-day log return,0.015190693093871709,split_018_2019-07-02_2021-09-29,3
ret_mean_5,5-day average return,0.014090241016495636,split_018_2019-07-02_2021-09-29,4
simple_return_1,1-day simple return,0.013284359752389242,split_018_2019-07-02_2021-09-29,5
mom_10,10-day momentum,0.011963355728424132,split_018_2019-07-02_2021-09-29,6
ret_mean_60,60-day average return,0.011598423979000367,split_018_2019-07-02_2021-09-29,7
ret_mean_10,10-day average return,0.011528799813560432,split_018_2019-07-02_2021-09-29,8
mom_5,5-day momentum,0.011454285969648481,split_018_2019-07-02_2021-09-29,9
volume,Trading volume,0.011145305031829192,split_018_2019-07-02_2021-09-29,10
macd_12_26,"MACD (12, 26)",0.011028848864571438,split_018_2019-07-02_2021-09-29,11
macd_hist,MACD histogram,0.01067920542082589,split_018_2019-07-02_2021-09-29,12
mom_20,20-day momentum,0.010598243155982345,split_018_2019-07-02_2021-09-29,13
rsi_14,14-day RSI,0.010224175019592637,split_018_2019-07-02_2021-09-29,14
ret_std_60,60-day return volatility,0.009626799233300233,split_018_2019-07-02_2021-09-29,15
mom_60,60-day momentum,0.00959602709935709,split_018_2019-07-02_2021-09-29,16
ret_std_5,5-day return volatility,0.009562598656720794,split_018_2019-07-02_2021-09-29,17
ticker_SPY,Asset indicator: SPY,0.008961498126393321,split_018_2019-07-02_2021-09-29,18
macd_signal_9,MACD signal (9),0.008477776378073985,split_018_2019-07-02_2021-09-29,19
ret_mean_20,20-day average return,0.006791516821380594,split_018_2019-07-02_2021-09-29,20
ticker_TLT,Asset indicator: TLT,0.006092909216588806,split_018_2019-07-02_2021-09-29,21
ret_std_20,20-day return volatility,0.005362868212897843,split_018_2019-07-02_2021-09-29,22
ticker_IWM,Asset indicator: IWM,0.004923812315789038,split_018_2019-07-02_2021-09-29,23
ticker_EFA,Asset indicator: EFA,0.004638593521763067,split_018_2019-07-02_2021-09-29,24
volume_chg,Volume change,7.682360625099658e-06,split_018_2019-07-02_2021-09-29,25
mom_20,20-day momentum,0.02373273296841471,split_019_2019-10-01_2021-12-29,1
ret_mean_20,20-day average return,0.016913516435353843,split_019_2019-10-01_2021-12-29,2
macd_hist,MACD histogram,0.01589149302816349,split_019_2019-10-01_2021-12-29,3
ret_mean_10,10-day average return,0.015621565391657948,split_019_2019-10-01_2021-12-29,4
rsi_14,14-day RSI,0.014265686839191802,split_019_2019-10-01_2021-12-29,5
simple_return_1,1-day simple return,0.014195187825130344,split_019_2019-10-01_2021-12-29,6
ret_mean_5,5-day average return,0.014177706146544618,split_019_2019-10-01_2021-12-29,7
macd_12_26,"MACD (12, 26)",0.013870241290644073,split_019_2019-10-01_2021-12-29,8
volume,Trading volume,0.013620495972778682,split_019_2019-10-01_2021-12-29,9
log_return_1,1-day log return,0.010842643763488575,split_019_2019-10-01_2021-12-29,10
mom_10,10-day momentum,0.01059304226338447,split_019_2019-10-01_2021-12-29,11
mom_60,60-day momentum,0.010569111130065928,split_019_2019-10-01_2021-12-29,12
macd_signal_9,MACD signal (9),0.010334462302288431,split_019_2019-10-01_2021-12-29,13
ret_std_5,5-day return volatility,0.010044941631556541,split_019_2019-10-01_2021-12-29,14
ticker_TLT,Asset indicator: TLT,0.00978360378336752,split_019_2019-10-01_2021-12-29,15
volume_roll_mean_20,20-day average volume,0.009607916413357991,split_019_2019-10-01_2021-12-29,16
mom_5,5-day momentum,0.00960619400214684,split_019_2019-10-01_2021-12-29,17
ret_std_20,20-day return volatility,0.009140239137402788,split_019_2019-10-01_2021-12-29,18
ret_mean_60,60-day average return,0.00798531164397671,split_019_2019-10-01_2021-12-29,19
volume_chg,Volume change,0.007788610988442324,split_019_2019-10-01_2021-12-29,20
ret_std_10,10-day return volatility,0.007513979629223515,split_019_2019-10-01_2021-12-29,21
ticker_IWM,Asset indicator: IWM,0.006946994096731172,split_019_2019-10-01_2021-12-29,22
ticker_EFA,Asset indicator: EFA,0.006541311102321232,split_019_2019-10-01_2021-12-29,23
ticker_SPY,Asset indicator: SPY,0.0059960355863402925,split_019_2019-10-01_2021-12-29,24
ret_std_60,60-day return volatility,0.00437058462464448,split_019_2019-10-01_2021-12-29,25
mom_5,5-day momentum,0.011297363629607583,split_020_2019-12-31_2022-03-30,1
volume_roll_mean_20,20-day average volume,0.009608013253276365,split_020_2019-12-31_2022-03-30,2
ret_mean_10,10-day average return,0.007883972329465428,split_020_2019-12-31_2022-03-30,3
macd_signal_9,MACD signal (9),0.007783548530660185,split_020_2019-12-31_2022-03-30,4
macd_hist,MACD histogram,0.007605135330971384,split_020_2019-12-31_2022-03-30,5
macd_12_26,"MACD (12, 26)",0.0072841755747623345,split_020_2019-12-31_2022-03-30,6
volume,Trading volume,0.007253597937638453,split_020_2019-12-31_2022-03-30,7
rsi_14,14-day RSI,0.0070394673365641565,split_020_2019-12-31_2022-03-30,8
log_return_1,1-day log return,0.006625280174122337,split_020_2019-12-31_2022-03-30,9
mom_10,10-day momentum,0.006604551063319974,split_020_2019-12-31_2022-03-30,10
mom_20,20-day momentum,0.006572661868571619,split_020_2019-12-31_2022-03-30,11
ret_mean_5,5-day average return,0.006541121580168886,split_020_2019-12-31_2022-03-30,12
ret_mean_20,20-day average return,0.006333784153374851,split_020_2019-12-31_2022-03-30,13
simple_return_1,1-day simple return,0.005667443145038768,split_020_2019-12-31_2022-03-30,14
mom_60,60-day momentum,0.005226515558608865,split_020_2019-12-31_2022-03-30,15
ret_mean_60,60-day average return,0.00520310814699471,split_020_2019-12-31_2022-03-30,16
ret_std_20,20-day return volatility,0.004447165628946215,split_020_2019-12-31_2022-03-30,17
volume_chg,Volume change,0.004141017053147241,split_020_2019-12-31_2022-03-30,18
ticker_TLT,Asset indicator: TLT,0.0036031722960257464,split_020_2019-12-31_2022-03-30,19
ticker_EFA,Asset indicator: EFA,0.003559537819541458,split_020_2019-12-31_2022-03-30,20
ret_std_10,10-day return volatility,0.003423502236117082,split_020_2019-12-31_2022-03-30,21
ret_std_5,5-day return volatility,0.0032236838406475487,split_020_2019-12-31_2022-03-30,22
ticker_SPY,Asset indicator: SPY,0.0029856954494536067,split_020_2019-12-31_2022-03-30,23
ret_std_60,60-day return volatility,0.0029175341163580493,split_020_2019-12-31_2022-03-30,24
ticker_IWM,Asset indicator: IWM,0.0023769978841181776,split_020_2019-12-31_2022-03-30,25
mom_5,5-day momentum,0.023876572163639902,split_021_2020-04-01_2022-06-30,1
macd_12_26,"MACD (12, 26)",0.022419268959046966,split_021_2020-04-01_2022-06-30,2
ret_mean_60,60-day average return,0.01956282955856178,split_021_2020-04-01_2022-06-30,3
ret_mean_20,20-day average return,0.01942903326967245,split_021_2020-04-01_2022-06-30,4
ret_mean_10,10-day average return,0.0188519837400001,split_021_2020-04-01_2022-06-30,5
ret_std_10,10-day return volatility,0.01771443604065421,split_021_2020-04-01_2022-06-30,6
macd_hist,MACD histogram,0.01661084768784349,split_021_2020-04-01_2022-06-30,7
rsi_14,14-day RSI,0.016241059696298063,split_021_2020-04-01_2022-06-30,8
mom_20,20-day momentum,0.015563754799381234,split_021_2020-04-01_2022-06-30,9
simple_return_1,1-day simple return,0.015150086817870502,split_021_2020-04-01_2022-06-30,10
mom_60,60-day momentum,0.0150117268755909,split_021_2020-04-01_2022-06-30,11
macd_signal_9,MACD signal (9),0.014217161430825664,split_021_2020-04-01_2022-06-30,12
mom_10,10-day momentum,0.013976063400920589,split_021_2020-04-01_2022-06-30,13
ret_mean_5,5-day average return,0.013455201662274645,split_021_2020-04-01_2022-06-30,14
ret_std_5,5-day return volatility,0.01017317034462218,split_021_2020-04-01_2022-06-30,15
log_return_1,1-day log return,0.009796921426054577,split_021_2020-04-01_2022-06-30,16
volume,Trading volume,0.009752821665030399,split_021_2020-04-01_2022-06-30,17
volume_chg,Volume change,0.008801970865240418,split_021_2020-04-01_2022-06-30,18
ret_std_20,20-day return volatility,0.007344371395740909,split_021_2020-04-01_2022-06-30,19
volume_roll_mean_20,20-day average volume,0.006980010821060263,split_021_2020-04-01_2022-06-30,20
ticker_SPY,Asset indicator: SPY,0.006507723818597902,split_021_2020-04-01_2022-06-30,21
ret_std_60,60-day return volatility,0.005098996453735679,split_021_2020-04-01_2022-06-30,22
ticker_TLT,Asset indicator: TLT,0.004566481605442894,split_021_2020-04-01_2022-06-30,23
ticker_IWM,Asset indicator: IWM,0.00454982522053122,split_021_2020-04-01_2022-06-30,24
ticker_EFA,Asset indicator: EFA,0.0037335933525061973,split_021_2020-04-01_2022-06-30,25
mom_10,10-day momentum,0.018961539362700147,split_022_2020-07-01_2022-09-29,1
ret_mean_10,10-day average return,0.015608599683226322,split_022_2020-07-01_2022-09-29,2
simple_return_1,1-day simple return,0.014795642604469795,split_022_2020-07-01_2022-09-29,3
macd_hist,MACD histogram,0.01363090693377775,split_022_2020-07-01_2022-09-29,4
log_return_1,1-day log return,0.01323873827108977,split_022_2020-07-01_2022-09-29,5
ret_mean_20,20-day average return,0.012379082403906689,split_022_2020-07-01_2022-09-29,6
ret_std_20,20-day return volatility,0.012375056032470912,split_022_2020-07-01_2022-09-29,7
mom_20,20-day momentum,0.011882221008071485,split_022_2020-07-01_2022-09-29,8
volume_roll_mean_20,20-day average volume,0.011421985921419317,split_022_2020-07-01_2022-09-29,9
ret_std_60,60-day return volatility,0.01137270786367902,split_022_2020-07-01_2022-09-29,10
ret_mean_5,5-day average return,0.011325991376884857,split_022_2020-07-01_2022-09-29,11
macd_12_26,"MACD (12, 26)",0.010920670162933705,split_022_2020-07-01_2022-09-29,12
mom_5,5-day momentum,0.010504828444426515,split_022_2020-07-01_2022-09-29,13
rsi_14,14-day RSI,0.010189737089263887,split_022_2020-07-01_2022-09-29,14
mom_60,60-day momentum,0.009164787880977904,split_022_2020-07-01_2022-09-29,15
ret_std_5,5-day return volatility,0.00825254616317646,split_022_2020-07-01_2022-09-29,16
volume,Trading volume,0.0077834188050030385,split_022_2020-07-01_2022-09-29,17
macd_signal_9,MACD signal (9),0.007629214273141607,split_022_2020-07-01_2022-09-29,18
ret_std_10,10-day return volatility,0.007594568350132767,split_022_2020-07-01_2022-09-29,19
ret_mean_60,60-day average return,0.006495631263119063,split_022_2020-07-01_2022-09-29,20
volume_chg,Volume change,0.006029743443485028,split_022_2020-07-01_2022-09-29,21
ticker_IWM,Asset indicator: IWM,0.004702500374942173,split_022_2020-07-01_2022-09-29,22
ticker_SPY,Asset indicator: SPY,0.004133210792473604,split_022_2020-07-01_2022-09-29,23
ticker_EFA,Asset indicator: EFA,0.00341292633713489,split_022_2020-07-01_2022-09-29,24
ticker_TLT,Asset indicator: TLT,0.0033859212613473262,split_022_2020-07-01_2022-09-29,25
mom_10,10-day momentum,0.028134123200885132,split_023_2020-09-30_2022-12-29,1
ret_mean_10,10-day average return,0.02236074202954144,split_023_2020-09-30_2022-12-29,2
ret_std_60,60-day return volatility,0.022105102547297452,split_023_2020-09-30_2022-12-29,3
ret_mean_20,20-day average return,0.020806039793271457,split_023_2020-09-30_2022-12-29,4
macd_signal_9,MACD signal (9),0.019158191459088113,split_023_2020-09-30_2022-12-29,5
ret_mean_5,5-day average return,0.018358834369941117,split_023_2020-09-30_2022-12-29,6
mom_20,20-day momentum,0.0174729053362141,split_023_2020-09-30_2022-12-29,7
macd_12_26,"MACD (12, 26)",0.017414260807363163,split_023_2020-09-30_2022-12-29,8
ret_std_20,20-day return volatility,0.017099352767232987,split_023_2020-09-30_2022-12-29,9
log_return_1,1-day log return,0.017079978544345186,split_023_2020-09-30_2022-12-29,10
ret_std_5,5-day return volatility,0.01650961524662352,split_023_2020-09-30_2022-12-29,11
mom_60,60-day momentum,0.015154244886243909,split_023_2020-09-30_2022-12-29,12
volume,Trading volume,0.015101303341862894,split_023_2020-09-30_2022-12-29,13
simple_return_1,1-day simple return,0.015087661945367696,split_023_2020-09-30_2022-12-29,14
mom_5,5-day momentum,0.014922963404641167,split_023_2020-09-30_2022-12-29,15
ret_mean_60,60-day average return,0.014835147032708398,split_023_2020-09-30_2022-12-29,16
ret_std_10,10-day return volatility,0.01367605510647275,split_023_2020-09-30_2022-12-29,17
volume_roll_mean_20,20-day average volume,0.013104855162934848,split_023_2020-09-30_2022-12-29,18
macd_hist,MACD histogram,0.012486027482945708,split_023_2020-09-30_2022-12-29,19
rsi_14,14-day RSI,0.0114627918159624,split_023_2020-09-30_2022-12-29,20
volume_chg,Volume change,0.011023470325780495,split_023_2020-09-30_2022-12-29,21
ticker_EFA,Asset indicator: EFA,0.007806695435617451,split_023_2020-09-30_2022-12-29,22
ticker_TLT,Asset indicator: TLT,0.006689721474208827,split_023_2020-09-30_2022-12-29,23
ticker_IWM,Asset indicator: IWM,0.0063763311502218695,split_023_2020-09-30_2022-12-29,24
ticker_SPY,Asset indicator: SPY,0.00561181959883619,split_023_2020-09-30_2022-12-29,25
mom_60,60-day momentum,0.021492324167456524,split_024_2020-12-30_2023-03-31,1
ret_mean_10,10-day average return,0.017765252613410044,split_024_2020-12-30_2023-03-31,2
volume,Trading volume,0.015624228062388133,split_024_2020-12-30_2023-03-31,3
mom_20,20-day momentum,0.013628053617440471,split_024_2020-12-30_2023-03-31,4
mom_10,10-day momentum,0.013430863834844426,split_024_2020-12-30_2023-03-31,5
rsi_14,14-day RSI,0.012794479784509552,split_024_2020-12-30_2023-03-31,6
ret_mean_20,20-day average return,0.012674894399507057,split_024_2020-12-30_2023-03-31,7
macd_hist,MACD histogram,0.012323436595098497,split_024_2020-12-30_2023-03-31,8
volume_chg,Volume change,0.01231481800876146,split_024_2020-12-30_2023-03-31,9
volume_roll_mean_20,20-day average volume,0.012082198115534962,split_024_2020-12-30_2023-03-31,10
log_return_1,1-day log return,0.01126778576647005,split_024_2020-12-30_2023-03-31,11
ret_mean_5,5-day average return,0.0110527400406268,split_024_2020-12-30_2023-03-31,12
ret_mean_60,60-day average return,0.01097414194920614,split_024_2020-12-30_2023-03-31,13
ret_std_10,10-day return volatility,0.01022468582490817,split_024_2020-12-30_2023-03-31,14
simple_return_1,1-day simple return,0.010064840014068571,split_024_2020-12-30_2023-03-31,15
macd_signal_9,MACD signal (9),0.00992505490393349,split_024_2020-12-30_2023-03-31,16
ticker_IWM,Asset indicator: IWM,0.009587404365537781,split_024_2020-12-30_2023-03-31,17
mom_5,5-day momentum,0.00957043891384657,split_024_2020-12-30_2023-03-31,18
macd_12_26,"MACD (12, 26)",0.009388214959983073,split_024_2020-12-30_2023-03-31,19
ticker_SPY,Asset indicator: SPY,0.008256119712626037,split_024_2020-12-30_2023-03-31,20
ret_std_5,5-day return volatility,0.007710403125359838,split_024_2020-12-30_2023-03-31,21
ret_std_60,60-day return volatility,0.007568977936128151,split_024_2020-12-30_2023-03-31,22
ticker_TLT,Asset indicator: TLT,0.007064155052071591,split_024_2020-12-30_2023-03-31,23
ret_std_20,20-day return volatility,0.00643647780996932,split_024_2020-12-30_2023-03-31,24
ticker_EFA,Asset indicator: EFA,0.005813585860410095,split_024_2020-12-30_2023-03-31,25
ret_mean_60,60-day average return,0.02103972885009573,split_025_2021-04-01_2023-07-03,1
mom_60,60-day momentum,0.019589832636812077,split_025_2021-04-01_2023-07-03,2
ret_std_10,10-day return volatility,0.015388074320846917,split_025_2021-04-01_2023-07-03,3
ret_mean_20,20-day average return,0.014849578029997411,split_025_2021-04-01_2023-07-03,4
ret_std_60,60-day return volatility,0.014502259588746218,split_025_2021-04-01_2023-07-03,5
ret_std_5,5-day return volatility,0.014447089642790609,split_025_2021-04-01_2023-07-03,6
mom_20,20-day momentum,0.012660391171728584,split_025_2021-04-01_2023-07-03,7
rsi_14,14-day RSI,0.01211732731349375,split_025_2021-04-01_2023-07-03,8
macd_12_26,"MACD (12, 26)",0.011321874041030123,split_025_2021-04-01_2023-07-03,9
volume_roll_mean_20,20-day average volume,0.011004051055948127,split_025_2021-04-01_2023-07-03,10
simple_return_1,1-day simple return,0.010755965128722534,split_025_2021-04-01_2023-07-03,11
macd_signal_9,MACD signal (9),0.010257593312555073,split_025_2021-04-01_2023-07-03,12
ret_std_20,20-day return volatility,0.010219014539580101,split_025_2021-04-01_2023-07-03,13
ret_mean_10,10-day average return,0.010065609844235443,split_025_2021-04-01_2023-07-03,14
log_return_1,1-day log return,0.00983123367546557,split_025_2021-04-01_2023-07-03,15
ticker_IWM,Asset indicator: IWM,0.009016103983248897,split_025_2021-04-01_2023-07-03,16
mom_10,10-day momentum,0.008733221516567788,split_025_2021-04-01_2023-07-03,17
volume,Trading volume,0.008351792670509894,split_025_2021-04-01_2023-07-03,18
mom_5,5-day momentum,0.008039683813026909,split_025_2021-04-01_2023-07-03,19
volume_chg,Volume change,0.00749209323314927,split_025_2021-04-01_2023-07-03,20
macd_hist,MACD histogram,0.007368143032658364,split_025_2021-04-01_2023-07-03,21
ret_mean_5,5-day average return,0.007181954397042244,split_025_2021-04-01_2023-07-03,22
ticker_TLT,Asset indicator: TLT,0.005661093408367587,split_025_2021-04-01_2023-07-03,23
ticker_SPY,Asset indicator: SPY,0.003671930179123473,split_025_2021-04-01_2023-07-03,24
ticker_EFA,Asset indicator: EFA,0.003260409604633021,split_025_2021-04-01_2023-07-03,25
ret_std_20,20-day return volatility,0.012289764344440157,split_026_2021-07-01_2023-10-02,1
ret_mean_20,20-day average return,0.011174122357886533,split_026_2021-07-01_2023-10-02,2
ret_std_60,60-day return volatility,0.010085205502773458,split_026_2021-07-01_2023-10-02,3
mom_60,60-day momentum,0.009846059289546337,split_026_2021-07-01_2023-10-02,4
rsi_14,14-day RSI,0.008647777209889757,split_026_2021-07-01_2023-10-02,5
ret_mean_10,10-day average return,0.008054279773625977,split_026_2021-07-01_2023-10-02,6
ret_std_10,10-day return volatility,0.007522971192613549,split_026_2021-07-01_2023-10-02,7
mom_10,10-day momentum,0.007360027015448764,split_026_2021-07-01_2023-10-02,8
ticker_SPY,Asset indicator: SPY,0.0072264482449039755,split_026_2021-07-01_2023-10-02,9
ret_mean_5,5-day average return,0.007099778310483329,split_026_2021-07-01_2023-10-02,10
ticker_EFA,Asset indicator: EFA,0.006914303147988738,split_026_2021-07-01_2023-10-02,11
mom_20,20-day momentum,0.006809499042773954,split_026_2021-07-01_2023-10-02,12
volume_roll_mean_20,20-day average volume,0.006708333922575578,split_026_2021-07-01_2023-10-02,13
ret_mean_60,60-day average return,0.00667156271107566,split_026_2021-07-01_2023-10-02,14
macd_hist,MACD histogram,0.006126762872757482,split_026_2021-07-01_2023-10-02,15
ret_std_5,5-day return volatility,0.006033120778558125,split_026_2021-07-01_2023-10-02,16
volume_chg,Volume change,0.005808890633218179,split_026_2021-07-01_2023-10-02,17
log_return_1,1-day log return,0.005775588648334671,split_026_2021-07-01_2023-10-02,18
mom_5,5-day momentum,0.00562741954388551,split_026_2021-07-01_2023-10-02,19
volume,Trading volume,0.00519886375611748,split_026_2021-07-01_2023-10-02,20
simple_return_1,1-day simple return,0.005016172010464063,split_026_2021-07-01_2023-10-02,21
macd_signal_9,MACD signal (9),0.004834767775456152,split_026_2021-07-01_2023-10-02,22
macd_12_26,"MACD (12, 26)",0.004747319818707258,split_026_2021-07-01_2023-10-02,23
ticker_TLT,Asset indicator: TLT,0.004523171922458963,split_026_2021-07-01_2023-10-02,24
ticker_IWM,Asset indicator: IWM,0.0030536665282912615,split_026_2021-07-01_2023-10-02,25
macd_signal_9,MACD signal (9),0.01706338375125353,split_027_2021-09-30_2024-01-02,1
ret_mean_20,20-day average return,0.016972088584003446,split_027_2021-09-30_2024-01-02,2
mom_20,20-day momentum,0.01579130111024166,split_027_2021-09-30_2024-01-02,3
rsi_14,14-day RSI,0.014350677779601221,split_027_2021-09-30_2024-01-02,4
macd_12_26,"MACD (12, 26)",0.013657923751097548,split_027_2021-09-30_2024-01-02,5
mom_10,10-day momentum,0.013408099068447046,split_027_2021-09-30_2024-01-02,6
volume_roll_mean_20,20-day average volume,0.011355935225033247,split_027_2021-09-30_2024-01-02,7
ret_std_20,20-day return volatility,0.010727613501707887,split_027_2021-09-30_2024-01-02,8
ret_std_60,60-day return volatility,0.010467506430728921,split_027_2021-09-30_2024-01-02,9
ret_mean_5,5-day average return,0.010465305958963491,split_027_2021-09-30_2024-01-02,10
macd_hist,MACD histogram,0.009679551909860352,split_027_2021-09-30_2024-01-02,11
volume,Trading volume,0.009621166160952004,split_027_2021-09-30_2024-01-02,12
ret_mean_60,60-day average return,0.009555548094233122,split_027_2021-09-30_2024-01-02,13
volume_chg,Volume change,0.009319249828766304,split_027_2021-09-30_2024-01-02,14
log_return_1,1-day log return,0.00905655512152163,split_027_2021-09-30_2024-01-02,15
mom_5,5-day momentum,0.008844967421955369,split_027_2021-09-30_2024-01-02,16
ret_mean_10,10-day average return,0.008768022416975364,split_027_2021-09-30_2024-01-02,17
mom_60,60-day momentum,0.008590645257458888,split_027_2021-09-30_2024-01-02,18
simple_return_1,1-day simple return,0.00832568320629804,split_027_2021-09-30_2024-01-02,19
ret_std_5,5-day return volatility,0.008022625961604081,split_027_2021-09-30_2024-01-02,20
ret_std_10,10-day return volatility,0.006966374957367562,split_027_2021-09-30_2024-01-02,21
ticker_SPY,Asset indicator: SPY,0.006097188138386909,split_027_2021-09-30_2024-01-02,22
ticker_TLT,Asset indicator: TLT,0.006059164784398409,split_027_2021-09-30_2024-01-02,23
ticker_EFA,Asset indicator: EFA,0.004400042295693437,split_027_2021-09-30_2024-01-02,24
ticker_IWM,Asset indicator: IWM,0.0037428862648492367,split_027_2021-09-30_2024-01-02,25
mom_60,60-day momentum,0.01233916882249046,split_028_2021-12-30_2024-04-03,1
ret_std_10,10-day return volatility,0.0121786853599793,split_028_2021-12-30_2024-04-03,2
ret_mean_60,60-day average return,0.01067405836984942,split_028_2021-12-30_2024-04-03,3
log_return_1,1-day log return,0.009717851934235642,split_028_2021-12-30_2024-04-03,4
ret_std_60,60-day return volatility,0.008525268480180755,split_028_2021-12-30_2024-04-03,5
simple_return_1,1-day simple return,0.008296678743077322,split_028_2021-12-30_2024-04-03,6
volume_roll_mean_20,20-day average volume,0.007575600346634077,split_028_2021-12-30_2024-04-03,7
macd_12_26,"MACD (12, 26)",0.007546727491448139,split_028_2021-12-30_2024-04-03,8
macd_signal_9,MACD signal (9),0.007281863912325089,split_028_2021-12-30_2024-04-03,9
ret_std_5,5-day return volatility,0.007067894904110055,split_028_2021-12-30_2024-04-03,10
ret_std_20,20-day return volatility,0.006780904702370002,split_028_2021-12-30_2024-04-03,11
volume,Trading volume,0.006543170865722547,split_028_2021-12-30_2024-04-03,12
ret_mean_20,20-day average return,0.005919108094443096,split_028_2021-12-30_2024-04-03,13
mom_10,10-day momentum,0.005872014705229019,split_028_2021-12-30_2024-04-03,14
ret_mean_10,10-day average return,0.005345831821555734,split_028_2021-12-30_2024-04-03,15
volume_chg,Volume change,0.005116458808427729,split_028_2021-12-30_2024-04-03,16
mom_20,20-day momentum,0.00492488095431092,split_028_2021-12-30_2024-04-03,17
ret_mean_5,5-day average return,0.004770817880061288,split_028_2021-12-30_2024-04-03,18
mom_5,5-day momentum,0.004616436111225466,split_028_2021-12-30_2024-04-03,19
macd_hist,MACD histogram,0.003981058420557078,split_028_2021-12-30_2024-04-03,20
ticker_IWM,Asset indicator: IWM,0.003704938690662534,split_028_2021-12-30_2024-04-03,21
rsi_14,14-day RSI,0.003604486594532142,split_028_2021-12-30_2024-04-03,22
ticker_EFA,Asset indicator: EFA,0.002330719512208875,split_028_2021-12-30_2024-04-03,23
ticker_SPY,Asset indicator: SPY,0.0022973912907526674,split_028_2021-12-30_2024-04-03,24
ticker_TLT,Asset indicator: TLT,0.0021918882048009526,split_028_2021-12-30_2024-04-03,25
ret_std_60,60-day return volatility,0.020401607096275375,split_029_2022-03-31_2024-07-03,1
rsi_14,14-day RSI,0.012365639779478651,split_029_2022-03-31_2024-07-03,2
volume_chg,Volume change,0.012344237947054054,split_029_2022-03-31_2024-07-03,3
ret_mean_5,5-day average return,0.012196577960657734,split_029_2022-03-31_2024-07-03,4
mom_5,5-day momentum,0.012049105374243198,split_029_2022-03-31_2024-07-03,5
ret_std_5,5-day return volatility,0.011539120410697117,split_029_2022-03-31_2024-07-03,6
volume,Trading volume,0.010732873150655145,split_029_2022-03-31_2024-07-03,7
ret_std_20,20-day return volatility,0.010471569537853088,split_029_2022-03-31_2024-07-03,8
mom_20,20-day momentum,0.010382660230177743,split_029_2022-03-31_2024-07-03,9
macd_signal_9,MACD signal (9),0.01008763368020586,split_029_2022-03-31_2024-07-03,10
simple_return_1,1-day simple return,0.009711136102791375,split_029_2022-03-31_2024-07-03,11
log_return_1,1-day log return,0.008406609559091014,split_029_2022-03-31_2024-07-03,12
ret_std_10,10-day return volatility,0.008092910527443938,split_029_2022-03-31_2024-07-03,13
volume_roll_mean_20,20-day average volume,0.008092784803011455,split_029_2022-03-31_2024-07-03,14
macd_12_26,"MACD (12, 26)",0.007847242223671528,split_029_2022-03-31_2024-07-03,15
ret_mean_10,10-day average return,0.007581692576333479,split_029_2022-03-31_2024-07-03,16
ret_mean_20,20-day average return,0.007496733411781101,split_029_2022-03-31_2024-07-03,17
ret_mean_60,60-day average return,0.007166413132254689,split_029_2022-03-31_2024-07-03,18
mom_10,10-day momentum,0.006991248357347804,split_029_2022-03-31_2024-07-03,19
ticker_TLT,Asset indicator: TLT,0.006970416545374944,split_029_2022-03-31_2024-07-03,20
macd_hist,MACD histogram,0.0066025098430607795,split_029_2022-03-31_2024-07-03,21
mom_60,60-day momentum,0.005586569070564125,split_029_2022-03-31_2024-07-03,22
ticker_EFA,Asset indicator: EFA,0.005540441037529028,split_029_2022-03-31_2024-07-03,23
ticker_IWM,Asset indicator: IWM,0.004625342031908613,split_029_2022-03-31_2024-07-03,24
ticker_SPY,Asset indicator: SPY,0.004355079240742241,split_029_2022-03-31_2024-07-03,25
ret_mean_10,10-day average return,0.012854167609475553,split_030_2022-07-01_2024-10-02,1
ret_mean_5,5-day average return,0.011645733177171153,split_030_2022-07-01_2024-10-02,2
mom_5,5-day momentum,0.010077529727756726,split_030_2022-07-01_2024-10-02,3
ret_std_20,20-day return volatility,0.009620499014852065,split_030_2022-07-01_2024-10-02,4
macd_hist,MACD histogram,0.00811887207852508,split_030_2022-07-01_2024-10-02,5
mom_10,10-day momentum,0.00809202556268374,split_030_2022-07-01_2024-10-02,6
ret_mean_20,20-day average return,0.007491477583754182,split_030_2022-07-01_2024-10-02,7
log_return_1,1-day log return,0.006907735809829497,split_030_2022-07-01_2024-10-02,8
ret_std_60,60-day return volatility,0.0069061303563557885,split_030_2022-07-01_2024-10-02,9
ret_std_5,5-day return volatility,0.006662501459132039,split_030_2022-07-01_2024-10-02,10
macd_12_26,"MACD (12, 26)",0.006442080384732709,split_030_2022-07-01_2024-10-02,11
ret_std_10,10-day return volatility,0.006373014814726492,split_030_2022-07-01_2024-10-02,12
rsi_14,14-day RSI,0.006189262247062288,split_030_2022-07-01_2024-10-02,13
simple_return_1,1-day simple return,0.00601800455079661,split_030_2022-07-01_2024-10-02,14
mom_20,20-day momentum,0.00588423029750437,split_030_2022-07-01_2024-10-02,15
macd_signal_9,MACD signal (9),0.0057936358584922305,split_030_2022-07-01_2024-10-02,16
volume,Trading volume,0.0054556129800654544,split_030_2022-07-01_2024-10-02,17
volume_roll_mean_20,20-day average volume,0.004745424212603943,split_030_2022-07-01_2024-10-02,18
volume_chg,Volume change,0.004656798800103233,split_030_2022-07-01_2024-10-02,19
ret_mean_60,60-day average return,0.004561713983648366,split_030_2022-07-01_2024-10-02,20
mom_60,60-day momentum,0.004474568347983385,split_030_2022-07-01_2024-10-02,21
ticker_EFA,Asset indicator: EFA,0.0038540445773803623,split_030_2022-07-01_2024-10-02,22
ticker_IWM,Asset indicator: IWM,0.003842936293398733,split_030_2022-07-01_2024-10-02,23
ticker_TLT,Asset indicator: TLT,0.0024845288170455924,split_030_2022-07-01_2024-10-02,24
ticker_SPY,Asset indicator: SPY,0.0023596425282330453,split_030_2022-07-01_2024-10-02,25
rsi_14,14-day RSI,0.022726094209628494,split_031_2022-09-30_2025-01-02,1
ret_mean_10,10-day average return,0.01734681718575772,split_031_2022-09-30_2025-01-02,2
ret_std_10,10-day return volatility,0.01402744659419348,split_031_2022-09-30_2025-01-02,3
mom_10,10-day momentum,0.01377926115944114,split_031_2022-09-30_2025-01-02,4
ret_std_5,5-day return volatility,0.013410407749277863,split_031_2022-09-30_2025-01-02,5
mom_60,60-day momentum,0.013279819266450256,split_031_2022-09-30_2025-01-02,6
volume_chg,Volume change,0.013061623773483593,split_031_2022-09-30_2025-01-02,7
macd_signal_9,MACD signal (9),0.011799725561034745,split_031_2022-09-30_2025-01-02,8
macd_hist,MACD histogram,0.011748666564163878,split_031_2022-09-30_2025-01-02,9
ret_mean_5,5-day average return,0.011429597879947734,split_031_2022-09-30_2025-01-02,10
volume,Trading volume,0.011412066792848735,split_031_2022-09-30_2025-01-02,11
ret_mean_60,60-day average return,0.011249682449875679,split_031_2022-09-30_2025-01-02,12
mom_5,5-day momentum,0.01086043939088291,split_031_2022-09-30_2025-01-02,13
simple_return_1,1-day simple return,0.010599390203589293,split_031_2022-09-30_2025-01-02,14
ret_mean_20,20-day average return,0.010287322182989556,split_031_2022-09-30_2025-01-02,15
mom_20,20-day momentum,0.010233687910048531,split_031_2022-09-30_2025-01-02,16
macd_12_26,"MACD (12, 26)",0.009732019321041487,split_031_2022-09-30_2025-01-02,17
ticker_IWM,Asset indicator: IWM,0.009280347445969856,split_031_2022-09-30_2025-01-02,18
log_return_1,1-day log return,0.009135448733720677,split_031_2022-09-30_2025-01-02,19
ret_std_20,20-day return volatility,0.008779032651340633,split_031_2022-09-30_2025-01-02,20
volume_roll_mean_20,20-day average volume,0.007967515637896976,split_031_2022-09-30_2025-01-02,21
ret_std_60,60-day return volatility,0.0071772286106762855,split_031_2022-09-30_2025-01-02,22
ticker_TLT,Asset indicator: TLT,0.007108345309490922,split_031_2022-09-30_2025-01-02,23
ticker_EFA,Asset indicator: EFA,0.005396628161501975,split_031_2022-09-30_2025-01-02,24
ticker_SPY,Asset indicator: SPY,0.004609680511484546,split_031_2022-09-30_2025-01-02,25
ret_mean_60,60-day average return,0.013785295184848632,split_032_2022-12-30_2025-04-04,1
mom_20,20-day momentum,0.010282110961509074,split_032_2022-12-30_2025-04-04,2
log_return_1,1-day log return,0.010038964624028103,split_032_2022-12-30_2025-04-04,3
ret_mean_20,20-day average return,0.009428028644684732,split_032_2022-12-30_2025-04-04,4
macd_hist,MACD histogram,0.008713968613742733,split_032_2022-12-30_2025-04-04,5
mom_10,10-day momentum,0.00865676320579235,split_032_2022-12-30_2025-04-04,6
simple_return_1,1-day simple return,0.008462930907059716,split_032_2022-12-30_2025-04-04,7
macd_12_26,"MACD (12, 26)",0.00817152696767093,split_032_2022-12-30_2025-04-04,8
rsi_14,14-day RSI,0.007935641923588681,split_032_2022-12-30_2025-04-04,9
macd_signal_9,MACD signal (9),0.0078344441715105,split_032_2022-12-30_2025-04-04,10
ret_mean_10,10-day average return,0.007617344392104717,split_032_2022-12-30_2025-04-04,11
ret_std_5,5-day return volatility,0.007560411784652388,split_032_2022-12-30_2025-04-04,12
ret_mean_5,5-day average return,0.007556366788194878,split_032_2022-12-30_2025-04-04,13
ret_std_10,10-day return volatility,0.007037346569106495,split_032_2022-12-30_2025-04-04,14
ret_std_60,60-day return volatility,0.006957063540297537,split_032_2022-12-30_2025-04-04,15
ret_std_20,20-day return volatility,0.006661059883463465,split_032_2022-12-30_2025-04-04,16
mom_60,60-day momentum,0.006653087606328419,split_032_2022-12-30_2025-04-04,17
volume_roll_mean_20,20-day average volume,0.0066117006432757424,split_032_2022-12-30_2025-04-04,18
volume,Trading volume,0.006532528355610786,split_032_2022-12-30_2025-04-04,19
mom_5,5-day momentum,0.006451488733195905,split_032_2022-12-30_2025-04-04,20
volume_chg,Volume change,0.006046343012832174,split_032_2022-12-30_2025-04-04,21
ticker_TLT,Asset indicator: TLT,0.004984300055318764,split_032_2022-12-30_2025-04-04,22
ticker_SPY,Asset indicator: SPY,0.004671648865996012,split_032_2022-12-30_2025-04-04,23
ticker_IWM,Asset indicator: IWM,0.0038667112360107254,split_032_2022-12-30_2025-04-04,24
ticker_EFA,Asset indicator: EFA,0.0036103479100437074,split_032_2022-12-30_2025-04-04,25
ret_std_60,60-day return volatility,0.07575916248847045,split_033_2023-04-03_2025-07-08,1
ret_std_20,20-day return volatility,0.047003976596627105,split_033_2023-04-03_2025-07-08,2
macd_signal_9,MACD signal (9),0.03746622498649291,split_033_2023-04-03_2025-07-08,3
log_return_1,1-day log return,0.03599155072169956,split_033_2023-04-03_2025-07-08,4
ret_std_5,5-day return volatility,0.030344323372018086,split_033_2023-04-03_2025-07-08,5
macd_12_26,"MACD (12, 26)",0.030072496848807223,split_033_2023-04-03_2025-07-08,6
simple_return_1,1-day simple return,0.028818988918806288,split_033_2023-04-03_2025-07-08,7
ret_std_10,10-day return volatility,0.028337056036682705,split_033_2023-04-03_2025-07-08,8
macd_hist,MACD histogram,0.026900456568624533,split_033_2023-04-03_2025-07-08,9
mom_10,10-day momentum,0.026545048388868977,split_033_2023-04-03_2025-07-08,10
mom_20,20-day momentum,0.025708171993846167,split_033_2023-04-03_2025-07-08,11
ret_mean_20,20-day average return,0.023334667680824508,split_033_2023-04-03_2025-07-08,12
ret_mean_10,10-day average return,0.02091064850952715,split_033_2023-04-03_2025-07-08,13
mom_5,5-day momentum,0.020836126705230412,split_033_2023-04-03_2025-07-08,14
mom_60,60-day momentum,0.01845917985813531,split_033_2023-04-03_2025-07-08,15
rsi_14,14-day RSI,0.018188960837851632,split_033_2023-04-03_2025-07-08,16
ret_mean_5,5-day average return,0.017837198486879723,split_033_2023-04-03_2025-07-08,17
volume_roll_mean_20,20-day average volume,0.01730810879168778,split_033_2023-04-03_2025-07-08,18
volume,Trading volume,0.015032610518716887,split_033_2023-04-03_2025-07-08,19
ret_mean_60,60-day average return,0.014624093738115154,split_033_2023-04-03_2025-07-08,20
volume_chg,Volume change,0.009531653803207503,split_033_2023-04-03_2025-07-08,21
ticker_SPY,Asset indicator: SPY,0.008220912278307532,split_033_2023-04-03_2025-07-08,22
ticker_TLT,Asset indicator: TLT,0.007953513144231752,split_033_2023-04-03_2025-07-08,23
ticker_IWM,Asset indicator: IWM,0.00785540308183691,split_033_2023-04-03_2025-07-08,24
ticker_EFA,Asset indicator: EFA,0.006200032231789025,split_033_2023-04-03_2025-07-08,25
mom_10,10-day momentum,0.007434077315770816,split_034_2023-07-05_2025-10-06,1
mom_20,20-day momentum,0.005443216774320688,split_034_2023-07-05_2025-10-06,2
rsi_14,14-day RSI,0.004823752522937748,split_034_2023-07-05_2025-10-06,3
mom_60,60-day momentum,0.004675431584987124,split_034_2023-07-05_2025-10-06,4
mom_5,5-day momentum,0.004582007726801221,split_034_2023-07-05_2025-10-06,5
ret_mean_60,60-day average return,0.004364476739078049,split_034_2023-07-05_2025-10-06,6
macd_signal_9,MACD signal (9),0.004285639702791213,split_034_2023-07-05_2025-10-06,7
volume_roll_mean_20,20-day average volume,0.003923652350991806,split_034_2023-07-05_2025-10-06,8
ret_mean_20,20-day average return,0.0038919125659782777,split_034_2023-07-05_2025-10-06,9
ret_mean_10,10-day average return,0.0038784654784502627,split_034_2023-07-05_2025-10-06,10
volume,Trading volume,0.0037004251768643546,split_034_2023-07-05_2025-10-06,11
ret_std_60,60-day return volatility,0.0035234616270167127,split_034_2023-07-05_2025-10-06,12
ret_mean_5,5-day average return,0.0035191752356167265,split_034_2023-07-05_2025-10-06,13
macd_12_26,"MACD (12, 26)",0.0034320761064478692,split_034_2023-07-05_2025-10-06,14
simple_return_1,1-day simple return,0.0030418482213081595,split_034_2023-07-05_2025-10-06,15
ret_std_10,10-day return volatility,0.002912027825899596,split_034_2023-07-05_2025-10-06,16
macd_hist,MACD histogram,0.0028656099226692833,split_034_2023-07-05_2025-10-06,17
ret_std_20,20-day return volatility,0.002822825393037977,split_034_2023-07-05_2025-10-06,18
log_return_1,1-day log return,0.0025880866839411137,split_034_2023-07-05_2025-10-06,19
volume_chg,Volume change,0.0021938151917109488,split_034_2023-07-05_2025-10-06,20
ticker_TLT,Asset indicator: TLT,0.0019683680678304707,split_034_2023-07-05_2025-10-06,21
ret_std_5,5-day return volatility,0.0018503605146130734,split_034_2023-07-05_2025-10-06,22
ticker_IWM,Asset indicator: IWM,0.001510775263282525,split_034_2023-07-05_2025-10-06,23
ticker_SPY,Asset indicator: SPY,0.0012269839011572281,split_034_2023-07-05_2025-10-06,24
ticker_EFA,Asset indicator: EFA,0.0011474987167745102,split_034_2023-07-05_2025-10-06,25
