split,case_rank,date,ticker,y_true,y_pred,base_value,summary_text
split_001_2015-03-31_2017-06-28,1,2017-05-17,SPY,0.004020353779196739,0.07600999623537064,-0.0006002525333315134,"For SPY on 2017-05-17, the DNN predicted a positive next-period log return. Relative to the baseline prediction, the forecast moved strongly up. The main upward influences were Volume change, Trading volume, 5-day average return. The main downward influences were 1-day simple return, 14-day RSI, MACD (12, 26)."
split_001_2015-03-31_2017-06-28,2,2017-05-08,SPY,-0.0009184289374388754,-0.0948781743645668,-0.0006002525333315134,"For SPY on 2017-05-08, the DNN predicted a negative next-period log return. Relative to the baseline prediction, the forecast moved strongly down. The main upward influences were MACD (12, 26), 60-day momentum, 20-day momentum. The main downward influences were 14-day RSI, 60-day return volatility, 10-day return volatility."
split_001_2015-03-31_2017-06-28,3,2017-05-22,TLT,-0.006750968750566244,-0.0705837607383728,-0.0006002525333315134,"For TLT on 2017-05-22, the DNN predicted a negative next-period log return. Relative to the baseline prediction, the forecast moved strongly down. The main upward influences were 10-day momentum, Trading volume, MACD histogram. The main downward influences were 20-day average volume, Volume change, 60-day return volatility."
split_001_2015-03-31_2017-06-28,4,2017-04-04,TLT,0.0030533778481185436,-0.06335283070802689,-0.0006002525333315134,"For TLT on 2017-04-04, the DNN predicted a negative next-period log return. Relative to the baseline prediction, the forecast moved strongly down. The main upward influences were 20-day momentum, 10-day momentum, Asset indicator: SPY. The main downward influences were Volume change, 1-day simple return, 60-day return volatility."
split_002_2015-06-30_2017-09-27,1,2017-08-17,EFA,0.0027231937274336815,0.08194412291049957,-0.005710081197321415,"For EFA on 2017-08-17, the DNN predicted a positive next-period log return. Relative to the baseline prediction, the forecast moved strongly up. The main upward influences were 20-day return volatility, 10-day average return, 1-day log return. The main downward influences were 1-day simple return, 20-day momentum, MACD signal (9)."
split_002_2015-06-30_2017-09-27,2,2017-08-14,IWM,-0.008262448944151402,-0.06220725178718567,-0.005710081197321415,"For IWM on 2017-08-14, the DNN predicted a negative next-period log return. Relative to the baseline prediction, the forecast moved strongly down. The main upward influences were 10-day average return, 10-day momentum, Trading volume. The main downward influences were 1-day log return, MACD histogram, 14-day RSI."
split_002_2015-06-30_2017-09-27,3,2017-08-10,EFA,-0.0018179371254518628,0.0579296350479126,-0.005710081197321415,"For EFA on 2017-08-10, the DNN predicted a positive next-period log return. Relative to the baseline prediction, the forecast moved strongly up. The main upward influences were 20-day return volatility, 5-day average return, 10-day return volatility. The main downward influences were 5-day momentum, 20-day momentum, MACD signal (9)."
split_002_2015-06-30_2017-09-27,4,2017-09-05,IWM,0.0020818039774894714,0.045585185289382935,-0.005710081197321415,"For IWM on 2017-09-05, the DNN predicted a positive next-period log return. Relative to the baseline prediction, the forecast moved strongly up. The main upward influences were 1-day simple return, MACD histogram, 14-day RSI. The main downward influences were 5-day momentum, 10-day return volatility, 10-day momentum."
split_003_2015-09-29_2017-12-27,1,2017-10-17,IWM,0.004759997595101595,0.12395314127206802,-0.009125974960625172,"For IWM on 2017-10-17, the DNN predicted a positive next-period log return. Relative to the baseline prediction, the forecast moved strongly up. The main upward influences were MACD signal (9), 20-day return volatility, 10-day return volatility. The main downward influences were 5-day momentum, MACD (12, 26), 5-day average return."
split_003_2015-09-29_2017-12-27,2,2017-10-10,EFA,0.0024571039248257875,-0.1441894769668579,-0.009125974960625172,"For EFA on 2017-10-10, the DNN predicted a negative next-period log return. Relative to the baseline prediction, the forecast moved strongly down. The main upward influences were 60-day return volatility, 10-day average return, 1-day log return. The main downward influences were Volume change, 1-day simple return, 14-day RSI."
split_003_2015-09-29_2017-12-27,3,2017-10-13,IWM,-0.0008705828222446144,0.11579664051532745,-0.009125974960625172,"For IWM on 2017-10-13, the DNN predicted a positive next-period log return. Relative to the baseline prediction, the forecast moved strongly up. The main upward influences were MACD signal (9), 20-day return volatility, 10-day return volatility. The main downward influences were 5-day momentum, 10-day momentum, 60-day average return."
split_003_2015-09-29_2017-12-27,4,2017-10-19,IWM,0.004610874690115452,0.11205204576253891,-0.009125974960625172,"For IWM on 2017-10-19, the DNN predicted a positive next-period log return. Relative to the baseline prediction, the forecast moved strongly up. The main upward influences were MACD signal (9), 5-day return volatility, Asset indicator: IWM. The main downward influences were MACD (12, 26), 5-day momentum, 20-day momentum."
split_004_2015-12-29_2018-03-29,1,2018-02-08,SPY,0.01490949559956789,0.2804381251335144,0.013101768679916859,"For SPY on 2018-02-08, the DNN predicted a positive next-period log return. Relative to the baseline prediction, the forecast moved strongly up. The main upward influences were 1-day log return, 5-day momentum, 5-day average return. The main downward influences were MACD histogram, 10-day momentum, 1-day simple return."
split_004_2015-12-29_2018-03-29,2,2018-02-06,SPY,-0.0054398151114583015,-0.6205030083656311,0.013101768679916859,"For SPY on 2018-02-06, the DNN predicted a negative next-period log return. Relative to the baseline prediction, the forecast moved strongly down. The main upward influences were MACD histogram, 20-day average volume, 10-day return volatility. The main downward influences were Trading volume, 1-day log return, 5-day return volatility."
split_004_2015-12-29_2018-03-29,3,2018-02-27,SPY,-0.010181782767176628,-0.30372142791748047,0.013101768679916859,"For SPY on 2018-02-27, the DNN predicted a negative next-period log return. Relative to the baseline prediction, the forecast moved strongly down. The main upward influences were 20-day average return, Trading volume, Asset indicator: SPY. The main downward influences were 20-day average volume, 20-day momentum, 10-day average return."
split_004_2015-12-29_2018-03-29,4,2018-02-22,SPY,0.01581379771232605,-0.27860569953918457,0.013101768679916859,"For SPY on 2018-02-22, the DNN predicted a negative next-period log return. Relative to the baseline prediction, the forecast moved strongly down. The main upward influences were Trading volume, 60-day return volatility, 20-day average return. The main downward influences were 20-day average volume, 20-day momentum, 10-day return volatility."
split_005_2016-03-31_2018-06-28,1,2018-04-09,SPY,0.01577518694102764,0.11453660577535629,0.002208162099123001,"For SPY on 2018-04-09, the DNN predicted a positive next-period log return. Relative to the baseline prediction, the forecast moved strongly up. The main upward influences were MACD signal (9), 20-day momentum, 60-day average return. The main downward influences were 20-day return volatility, MACD (12, 26), 60-day momentum."
split_005_2016-03-31_2018-06-28,2,2018-04-06,SPY,0.004916026722639799,-0.05163635313510895,0.002208162099123001,"For SPY on 2018-04-06, the DNN predicted a negative next-period log return. Relative to the baseline prediction, the forecast moved strongly down. The main upward influences were 60-day average return, 60-day return volatility, 60-day momentum. The main downward influences were Trading volume, 1-day log return, 20-day average volume."
split_005_2016-03-31_2018-06-28,3,2018-04-05,SPY,-0.022537702694535255,0.09300263226032257,0.002208162099123001,"For SPY on 2018-04-05, the DNN predicted a positive next-period log return. Relative to the baseline prediction, the forecast moved strongly up. The main upward influences were MACD signal (9), 20-day average volume, 10-day return volatility. The main downward influences were 10-day average return, 20-day momentum, Asset indicator: SPY."
split_005_2016-03-31_2018-06-28,4,2018-04-11,SPY,0.008193278685212135,0.07972491532564163,0.002208162099123001,"For SPY on 2018-04-11, the DNN predicted a positive next-period log return. Relative to the baseline prediction, the forecast moved strongly up. The main upward influences were MACD signal (9), 20-day average volume, 5-day return volatility. The main downward influences were 20-day return volatility, 60-day momentum, Trading volume."
split_006_2016-06-29_2018-09-27,1,2018-08-28,EFA,0.005413651932030916,0.17914658784866333,0.0067906128242611885,"For EFA on 2018-08-28, the DNN predicted a positive next-period log return. Relative to the baseline prediction, the forecast moved strongly up. The main upward influences were 10-day average return, 1-day simple return, 10-day return volatility. The main downward influences were 5-day average return, MACD (12, 26), 1-day log return."
split_006_2016-06-29_2018-09-27,2,2018-07-09,SPY,0.0035916813649237156,-0.12947863340377808,0.0067906128242611885,"For SPY on 2018-07-09, the DNN predicted a negative next-period log return. Relative to the baseline prediction, the forecast moved strongly down. The main upward influences were 5-day momentum, Asset indicator: SPY, 60-day return volatility. The main downward influences were 20-day average volume, 5-day average return, 1-day simple return."
split_006_2016-06-29_2018-09-27,3,2018-08-01,TLT,0.0014343525981530547,0.1413961946964264,0.0067906128242611885,"For TLT on 2018-08-01, the DNN predicted a positive next-period log return. Relative to the baseline prediction, the forecast moved strongly up. The main upward influences were 1-day simple return, Volume change, MACD signal (9). The main downward influences were 1-day log return, 20-day momentum, 14-day RSI."
split_006_2016-06-29_2018-09-27,4,2018-08-30,EFA,-0.007987071759998798,0.1384204775094986,0.0067906128242611885,"For EFA on 2018-08-30, the DNN predicted a positive next-period log return. Relative to the baseline prediction, the forecast moved strongly up. The main upward influences were 10-day momentum, 20-day momentum, 10-day average return. The main downward influences were 1-day log return, MACD histogram, Volume change."
split_007_2016-09-28_2018-12-28,1,2018-12-26,SPY,0.007648248225450516,0.25559699535369873,-0.004900457337498665,"For SPY on 2018-12-26, the DNN predicted a positive next-period log return. Relative to the baseline prediction, the forecast moved strongly up. The main upward influences were MACD signal (9), 1-day log return, 10-day average return. The main downward influences were 5-day return volatility, 20-day momentum, MACD (12, 26)."
split_007_2016-09-28_2018-12-28,2,2018-12-26,EFA,0.002916452707722783,-0.13405975699424744,-0.004900457337498665,"For EFA on 2018-12-26, the DNN predicted a negative next-period log return. Relative to the baseline prediction, the forecast moved strongly down. The main upward influences were 10-day average return, 20-day return volatility, MACD signal (9). The main downward influences were 1-day log return, 60-day average return, 60-day momentum."
split_007_2016-09-28_2018-12-28,3,2018-12-19,IWM,-0.016629677265882492,-0.12726789712905884,-0.004900457337498665,"For IWM on 2018-12-19, the DNN predicted a negative next-period log return. Relative to the baseline prediction, the forecast moved strongly down. The main upward influences were 60-day average return, 20-day average return, 10-day average return. The main downward influences were 60-day return volatility, 20-day return volatility, 10-day momentum."
split_007_2016-09-28_2018-12-28,4,2018-11-26,SPY,0.003358781337738037,0.11983579397201538,-0.004900457337498665,"For SPY on 2018-11-26, the DNN predicted a positive next-period log return. Relative to the baseline prediction, the forecast moved strongly up. The main upward influences were MACD signal (9), 1-day log return, Volume change. The main downward influences were 20-day return volatility, 5-day return volatility, 10-day average return."
split_008_2016-12-28_2019-04-01,1,2019-01-17,IWM,0.010233122855424881,0.17352953553199768,0.0010852634441107512,"For IWM on 2019-01-17, the DNN predicted a positive next-period log return. Relative to the baseline prediction, the forecast moved strongly up. The main upward influences were 10-day momentum, 20-day return volatility, 10-day return volatility. The main downward influences were 60-day return volatility, 10-day average return, MACD signal (9)."
split_008_2016-12-28_2019-04-01,2,2019-01-09,SPY,0.0035214493982493877,-0.14727230370044708,0.0010852634441107512,"For SPY on 2019-01-09, the DNN predicted a negative next-period log return. Relative to the baseline prediction, the forecast moved strongly down. The main upward influences were 10-day return volatility, 10-day momentum, Asset indicator: SPY. The main downward influences were 10-day average return, MACD signal (9), 5-day return volatility."
split_008_2016-12-28_2019-04-01,3,2019-01-18,SPY,-0.013602281920611858,-0.14663709700107574,0.0010852634441107512,"For SPY on 2019-01-18, the DNN predicted a negative next-period log return. Relative to the baseline prediction, the forecast moved strongly down. The main upward influences were 20-day momentum, 10-day momentum, 14-day RSI. The main downward influences were MACD histogram, 60-day return volatility, Trading volume."
split_008_2016-12-28_2019-04-01,4,2019-01-07,SPY,0.009351757355034351,-0.1391879916191101,0.0010852634441107512,"For SPY on 2019-01-07, the DNN predicted a negative next-period log return. Relative to the baseline prediction, the forecast moved strongly down. The main upward influences were 10-day return volatility, 60-day return volatility, Asset indicator: SPY. The main downward influences were MACD signal (9), 5-day return volatility, 20-day return volatility."
split_009_2017-03-30_2019-07-01,1,2019-06-25,IWM,-0.0023175994865596294,0.0972796306014061,0.004040987230837345,"For IWM on 2019-06-25, the DNN predicted a positive next-period log return. Relative to the baseline prediction, the forecast moved strongly up. The main upward influences were 10-day return volatility, 60-day return volatility, Trading volume. The main downward influences were 20-day return volatility, 20-day momentum, MACD (12, 26)."
split_009_2017-03-30_2019-07-01,2,2019-06-21,SPY,-0.001225294079631567,-0.07109684497117996,0.004040987230837345,"For SPY on 2019-06-21, the DNN predicted a negative next-period log return. Relative to the baseline prediction, the forecast moved strongly down. The main upward influences were MACD (12, 26), 10-day momentum, Asset indicator: SPY. The main downward influences were 14-day RSI, Trading volume, 20-day momentum."
split_009_2017-03-30_2019-07-01,3,2019-04-18,TLT,-0.004812223836779594,0.08913670480251312,0.004040987230837345,"For TLT on 2019-04-18, the DNN predicted a positive next-period log return. Relative to the baseline prediction, the forecast moved strongly up. The main upward influences were Volume change, Asset indicator: TLT, 60-day average return. The main downward influences were 10-day momentum, 10-day return volatility, 20-day momentum."
split_009_2017-03-30_2019-07-01,4,2019-04-04,SPY,0.004828746430575848,0.08512916415929794,0.004040987230837345,"For SPY on 2019-04-04, the DNN predicted a positive next-period log return. Relative to the baseline prediction, the forecast moved strongly up. The main upward influences were 60-day average return, MACD (12, 26), 60-day momentum. The main downward influences were 5-day return volatility, MACD signal (9), 20-day return volatility."
split_010_2017-06-29_2019-09-30,1,2019-07-31,IWM,-0.014605767093598843,1167.63671875,0.008100609295070171,"For IWM on 2019-07-31, the DNN predicted a positive next-period log return. Relative to the baseline prediction, the forecast moved strongly up. The main upward influences were Volume change, 1-day simple return, 60-day momentum. The main downward influences were 1-day log return, MACD (12, 26), 60-day average return."
split_010_2017-06-29_2019-09-30,2,2019-08-30,TLT,0.0012918146094307303,-0.14293530583381653,0.008100609295070171,"For TLT on 2019-08-30, the DNN predicted a negative next-period log return. Relative to the baseline prediction, the forecast moved strongly down. The main upward influences were MACD signal (9), Volume change, 20-day return volatility. The main downward influences were 20-day momentum, 60-day average return, 60-day momentum."
split_010_2017-06-29_2019-09-30,3,2019-09-13,TLT,0.012663067318499088,0.1457071155309677,0.008100609295070171,"For TLT on 2019-09-13, the DNN predicted a positive next-period log return. Relative to the baseline prediction, the forecast moved strongly up. The main upward influences were 5-day momentum, 20-day momentum, MACD signal (9). The main downward influences were 1-day simple return, MACD histogram, 5-day average return."
split_010_2017-06-29_2019-09-30,4,2019-09-24,IWM,0.010896357707679272,0.13428807258605957,0.008100609295070171,"For IWM on 2019-09-24, the DNN predicted a positive next-period log return. Relative to the baseline prediction, the forecast moved strongly up. The main upward influences were 5-day momentum, 20-day momentum, 20-day return volatility. The main downward influences were 10-day momentum, 1-day simple return, 14-day RSI."
split_011_2017-09-28_2019-12-30,1,2019-12-02,IWM,-0.003188610076904297,0.11960472911596298,-0.005372645333409309,"For IWM on 2019-12-02, the DNN predicted a positive next-period log return. Relative to the baseline prediction, the forecast moved strongly up. The main upward influences were 5-day return volatility, MACD signal (9), 1-day log return. The main downward influences were Asset indicator: IWM, MACD (12, 26), 20-day average volume."
split_011_2017-09-28_2019-12-30,2,2019-10-24,TLT,-0.004897225182503462,-0.11920681595802307,-0.005372645333409309,"For TLT on 2019-10-24, the DNN predicted a negative next-period log return. Relative to the baseline prediction, the forecast moved strongly down. The main upward influences were 10-day average return, MACD signal (9), 20-day average return. The main downward influences were 14-day RSI, 10-day momentum, 10-day return volatility."
split_011_2017-09-28_2019-12-30,3,2019-11-22,IWM,0.021013783290982246,-0.10979055613279343,-0.005372645333409309,"For IWM on 2019-11-22, the DNN predicted a negative next-period log return. Relative to the baseline prediction, the forecast moved strongly down. The main upward influences were 20-day return volatility, MACD (12, 26), 20-day average volume. The main downward influences were Trading volume, 10-day return volatility, 14-day RSI."
split_011_2017-09-28_2019-12-30,4,2019-11-01,IWM,0.005361765623092651,-0.11430656164884567,-0.005372645333409309,"For IWM on 2019-11-01, the DNN predicted a negative next-period log return. Relative to the baseline prediction, the forecast moved strongly down. The main upward influences were 1-day log return, 5-day average return, 10-day momentum. The main downward influences were 1-day simple return, 10-day average return, 5-day momentum."
split_012_2017-12-28_2020-03-31,1,2020-03-31,EFA,-0.04534497112035751,0.3721368908882141,-0.002812332706525922,"For EFA on 2020-03-31, the DNN predicted a positive next-period log return. Relative to the baseline prediction, the forecast moved strongly up. The main upward influences were 60-day return volatility, 60-day average return, 10-day average return. The main downward influences were 5-day return volatility, 60-day momentum, 20-day momentum."
split_012_2017-12-28_2020-03-31,2,2020-03-16,IWM,0.04482095688581467,-0.44508060812950134,-0.002812332706525922,"For IWM on 2020-03-16, the DNN predicted a negative next-period log return. Relative to the baseline prediction, the forecast moved strongly down. The main upward influences were 20-day return volatility, 5-day momentum, MACD signal (9). The main downward influences were 10-day return volatility, 1-day log return, 20-day average return."
split_012_2017-12-28_2020-03-31,3,2020-03-16,SPY,0.05258496105670929,-0.3745013475418091,-0.002812332706525922,"For SPY on 2020-03-16, the DNN predicted a negative next-period log return. Relative to the baseline prediction, the forecast moved strongly down. The main upward influences were 20-day return volatility, MACD signal (9), MACD histogram. The main downward influences were 10-day return volatility, 5-day return volatility, 60-day return volatility."
split_012_2017-12-28_2020-03-31,4,2020-03-31,IWM,-0.07057907432317734,0.36089712381362915,-0.002812332706525922,"For IWM on 2020-03-31, the DNN predicted a positive next-period log return. Relative to the baseline prediction, the forecast moved strongly up. The main upward influences were 60-day return volatility, MACD (12, 26), 60-day average return. The main downward influences were 20-day momentum, 5-day return volatility, MACD signal (9)."
split_013_2018-04-02_2020-06-30,1,2020-06-12,SPY,0.009292429313063622,0.2959222197532654,-0.00575731648132205,"For SPY on 2020-06-12, the DNN predicted a positive next-period log return. Relative to the baseline prediction, the forecast moved strongly up. The main upward influences were Trading volume, 60-day momentum, 60-day average return. The main downward influences were 5-day momentum, 20-day average volume, MACD (12, 26)."
split_013_2018-04-02_2020-06-30,2,2020-05-20,IWM,0.0017891994211822748,-0.5195600986480713,-0.00575731648132205,"For IWM on 2020-05-20, the DNN predicted a negative next-period log return. Relative to the baseline prediction, the forecast moved strongly down. The main upward influences were 60-day momentum, 5-day average return, 1-day log return. The main downward influences were 60-day return volatility, 5-day momentum, 1-day simple return."
split_013_2018-04-02_2020-06-30,3,2020-05-19,IWM,0.029844211414456367,-0.5008453726768494,-0.00575731648132205,"For IWM on 2020-05-19, the DNN predicted a negative next-period log return. Relative to the baseline prediction, the forecast moved strongly down. The main upward influences were 60-day momentum, Asset indicator: IWM, 20-day momentum. The main downward influences were 60-day return volatility, 60-day average return, 20-day average return."
split_013_2018-04-02_2020-06-30,4,2020-05-21,IWM,0.004830799996852875,-0.48868101835250854,-0.00575731648132205,"For IWM on 2020-05-21, the DNN predicted a negative next-period log return. Relative to the baseline prediction, the forecast moved strongly down. The main upward influences were 60-day momentum, 5-day average return, MACD histogram. The main downward influences were 60-day return volatility, 5-day momentum, 20-day average return."
split_014_2018-06-29_2020-09-29,1,2020-07-14,SPY,0.00914530549198389,0.07425832003355026,0.0029831198044121265,"For SPY on 2020-07-14, the DNN predicted a positive next-period log return. Relative to the baseline prediction, the forecast moved strongly up. The main upward influences were Trading volume, 60-day average return, 10-day average return. The main downward influences were MACD signal (9), 20-day average return, 1-day simple return."
split_014_2018-06-29_2020-09-29,2,2020-09-17,SPY,-0.011579357087612152,-0.0958903357386589,0.0029831198044121265,"For SPY on 2020-09-17, the DNN predicted a negative next-period log return. Relative to the baseline prediction, the forecast moved strongly down. The main upward influences were 10-day average return, 20-day average return, 20-day average volume. The main downward influences were 14-day RSI, MACD histogram, Asset indicator: EFA."
split_014_2018-06-29_2020-09-29,3,2020-07-07,IWM,0.007424946874380112,-0.08037224411964417,0.0029831198044121265,"For IWM on 2020-07-07, the DNN predicted a negative next-period log return. Relative to the baseline prediction, the forecast moved strongly down. The main upward influences were 20-day momentum, 60-day momentum, 1-day simple return. The main downward influences were 10-day return volatility, 60-day average return, Asset indicator: TLT."
split_014_2018-06-29_2020-09-29,4,2020-07-01,IWM,0.004081303719431162,-0.07113849371671677,0.0029831198044121265,"For IWM on 2020-07-01, the DNN predicted a negative next-period log return. Relative to the baseline prediction, the forecast moved strongly down. The main upward influences were 60-day momentum, 20-day average return, 5-day return volatility. The main downward influences were 60-day average return, MACD histogram, 10-day return volatility."
split_015_2018-09-28_2020-12-29,1,2020-11-16,SPY,-0.005392721388489008,0.11297141015529633,-0.0026783249340951443,"For SPY on 2020-11-16, the DNN predicted a positive next-period log return. Relative to the baseline prediction, the forecast moved strongly up. The main upward influences were MACD (12, 26), MACD histogram, 1-day simple return. The main downward influences were MACD signal (9), 10-day momentum, Asset indicator: IWM."
split_015_2018-09-28_2020-12-29,2,2020-12-07,IWM,0.012764337472617626,-0.0830589160323143,-0.0026783249340951443,"For IWM on 2020-12-07, the DNN predicted a negative next-period log return. Relative to the baseline prediction, the forecast moved strongly down. The main upward influences were 20-day momentum, 60-day momentum, MACD (12, 26). The main downward influences were 20-day average return, MACD signal (9), 60-day average return."
split_015_2018-09-28_2020-12-29,3,2020-11-13,SPY,0.012405495159327984,0.09658066928386688,-0.0026783249340951443,"For SPY on 2020-11-13, the DNN predicted a positive next-period log return. Relative to the baseline prediction, the forecast moved strongly up. The main upward influences were MACD histogram, Asset indicator: SPY, 1-day simple return. The main downward influences were MACD signal (9), 10-day momentum, Asset indicator: IWM."
split_015_2018-09-28_2020-12-29,4,2020-10-19,SPY,0.003997834399342537,0.08317923545837402,-0.0026783249340951443,"For SPY on 2020-10-19, the DNN predicted a positive next-period log return. Relative to the baseline prediction, the forecast moved strongly up. The main upward influences were Asset indicator: SPY, MACD histogram, 1-day log return. The main downward influences were MACD (12, 26), 20-day average volume, Asset indicator: IWM."
split_016_2018-12-31_2021-03-31,1,2021-01-15,IWM,0.012730267830193043,0.1078520342707634,0.0004012373392470181,"For IWM on 2021-01-15, the DNN predicted a positive next-period log return. Relative to the baseline prediction, the forecast moved strongly up. The main upward influences were MACD signal (9), 60-day momentum, 10-day average return. The main downward influences were 60-day average return, 20-day average return, 10-day momentum."
split_016_2018-12-31_2021-03-31,2,2021-02-02,IWM,0.0029916607309132814,-0.12202613800764084,0.0004012373392470181,"For IWM on 2021-02-02, the DNN predicted a negative next-period log return. Relative to the baseline prediction, the forecast moved strongly down. The main upward influences were MACD (12, 26), 1-day simple return, MACD signal (9). The main downward influences were 60-day average return, 60-day momentum, 20-day average return."
split_016_2018-12-31_2021-03-31,3,2021-03-18,SPY,-0.0018520394805818796,-0.08485610038042068,0.0004012373392470181,"For SPY on 2021-03-18, the DNN predicted a negative next-period log return. Relative to the baseline prediction, the forecast moved strongly down. The main upward influences were Asset indicator: SPY, 10-day momentum, 14-day RSI. The main downward influences were Trading volume, 20-day average volume, MACD (12, 26)."
split_016_2018-12-31_2021-03-31,4,2021-02-01,IWM,0.014143727719783783,-0.08134091645479202,0.0004012373392470181,"For IWM on 2021-02-01, the DNN predicted a negative next-period log return. Relative to the baseline prediction, the forecast moved strongly down. The main upward influences were 1-day simple return, MACD (12, 26), MACD signal (9). The main downward influences were 60-day momentum, 60-day average return, 20-day average return."
split_017_2019-04-02_2021-06-30,1,2021-06-02,TLT,-0.00376079510897398,0.0527261346578598,0.001998386112973094,"For TLT on 2021-06-02, the DNN predicted a positive next-period log return. Relative to the baseline prediction, the forecast moved strongly up. The main upward influences were 20-day return volatility, 5-day return volatility, MACD (12, 26). The main downward influences were 5-day momentum, 1-day log return, MACD signal (9)."
split_017_2019-04-02_2021-06-30,2,2021-05-06,SPY,0.007251630071550608,-0.08287303894758224,0.001998386112973094,"For SPY on 2021-05-06, the DNN predicted a negative next-period log return. Relative to the baseline prediction, the forecast moved strongly down. The main upward influences were 5-day return volatility, Asset indicator: SPY, Trading volume. The main downward influences were MACD (12, 26), MACD histogram, 20-day average volume."
split_017_2019-04-02_2021-06-30,3,2021-04-13,IWM,0.009809720329940319,-0.07889033854007721,0.001998386112973094,"For IWM on 2021-04-13, the DNN predicted a negative next-period log return. Relative to the baseline prediction, the forecast moved strongly down. The main upward influences were 20-day momentum, 1-day simple return, 60-day average return. The main downward influences were 20-day average return, 20-day return volatility, 60-day return volatility."
split_017_2019-04-02_2021-06-30,4,2021-05-14,SPY,-0.0025479570031166077,-0.048721786588430405,0.001998386112973094,"For SPY on 2021-05-14, the DNN predicted a negative next-period log return. Relative to the baseline prediction, the forecast moved strongly down. The main upward influences were 20-day average volume, 5-day momentum, 10-day momentum. The main downward influences were Trading volume, Asset indicator: TLT, MACD signal (9)."
split_018_2019-07-02_2021-09-29,1,2021-09-21,SPY,0.009707621298730373,0.1754409819841385,-0.013582278974354267,"For SPY on 2021-09-21, the DNN predicted a positive next-period log return. Relative to the baseline prediction, the forecast moved strongly up. The main upward influences were MACD histogram, 5-day average return, 60-day return volatility. The main downward influences were Asset indicator: SPY, 20-day momentum, 60-day average return."
split_018_2019-07-02_2021-09-29,2,2021-09-27,SPY,-0.020357755944132805,-0.1233709305524826,-0.013582278974354267,"For SPY on 2021-09-27, the DNN predicted a negative next-period log return. Relative to the baseline prediction, the forecast moved strongly down. The main upward influences were Trading volume, 60-day return volatility, Asset indicator: IWM. The main downward influences were 60-day average return, Asset indicator: SPY, 5-day momentum."
split_018_2019-07-02_2021-09-29,3,2021-09-22,SPY,0.012076797895133495,0.11894380301237106,-0.013582278974354267,"For SPY on 2021-09-22, the DNN predicted a positive next-period log return. Relative to the baseline prediction, the forecast moved strongly up. The main upward influences were MACD histogram, 10-day return volatility, 60-day return volatility. The main downward influences were 60-day average return, 14-day RSI, Asset indicator: SPY."
split_018_2019-07-02_2021-09-29,4,2021-08-20,IWM,0.01884484477341175,0.11238272488117218,-0.013582278974354267,"For IWM on 2021-08-20, the DNN predicted a positive next-period log return. Relative to the baseline prediction, the forecast moved strongly up. The main upward influences were 10-day return volatility, 10-day momentum, 5-day average return. The main downward influences were 20-day average volume, 60-day momentum, Asset indicator: IWM."
split_019_2019-10-01_2021-12-29,1,2021-12-03,IWM,0.01987474225461483,0.22664973139762878,0.004131208173930645,"For IWM on 2021-12-03, the DNN predicted a positive next-period log return. Relative to the baseline prediction, the forecast moved strongly up. The main upward influences were MACD histogram, 20-day average return, Asset indicator: IWM. The main downward influences were 5-day average return, 5-day return volatility, 14-day RSI."
split_019_2019-10-01_2021-12-29,2,2021-12-23,IWM,0.009324279613792896,-0.14118827879428864,0.004131208173930645,"For IWM on 2021-12-23, the DNN predicted a negative next-period log return. Relative to the baseline prediction, the forecast moved strongly down. The main upward influences were MACD signal (9), 20-day return volatility, 10-day average return. The main downward influences were 20-day momentum, MACD histogram, MACD (12, 26)."
split_019_2019-10-01_2021-12-29,3,2021-12-17,IWM,-0.014136983081698418,0.14646559953689575,0.004131208173930645,"For IWM on 2021-12-17, the DNN predicted a positive next-period log return. Relative to the baseline prediction, the forecast moved strongly up. The main upward influences were Trading volume, MACD (12, 26), 20-day return volatility. The main downward influences were 20-day momentum, 10-day return volatility, 5-day return volatility."
split_019_2019-10-01_2021-12-29,4,2021-10-04,SPY,0.010351192206144333,0.13278977572917938,0.004131208173930645,"For SPY on 2021-10-04, the DNN predicted a positive next-period log return. Relative to the baseline prediction, the forecast moved strongly up. The main upward influences were Trading volume, MACD (12, 26), MACD histogram. The main downward influences were 20-day average volume, 1-day simple return, 5-day average return."
split_020_2019-12-31_2022-03-30,1,2022-01-21,SPY,0.004237603861838579,0.1252918243408203,0.0011483144480735064,"For SPY on 2022-01-21, the DNN predicted a positive next-period log return. Relative to the baseline prediction, the forecast moved strongly up. The main upward influences were MACD histogram, 1-day log return, Volume change. The main downward influences were 5-day momentum, Trading volume, 10-day momentum."
split_020_2019-12-31_2022-03-30,2,2022-02-04,IWM,0.004927909933030605,-0.10635422170162201,0.0011483144480735064,"For IWM on 2022-02-04, the DNN predicted a negative next-period log return. Relative to the baseline prediction, the forecast moved strongly down. The main upward influences were 60-day momentum, 20-day return volatility, 20-day average return. The main downward influences were MACD signal (9), 14-day RSI, MACD (12, 26)."
split_020_2019-12-31_2022-03-30,3,2022-01-25,SPY,-0.0025119176134467125,0.11164792627096176,0.0011483144480735064,"For SPY on 2022-01-25, the DNN predicted a positive next-period log return. Relative to the baseline prediction, the forecast moved strongly up. The main upward influences were MACD histogram, 5-day average return, 60-day average return. The main downward influences were 5-day momentum, Trading volume, 20-day average volume."
split_020_2019-12-31_2022-03-30,4,2022-01-27,SPY,0.024531975388526917,0.10621495544910431,0.0011483144480735064,"For SPY on 2022-01-27, the DNN predicted a positive next-period log return. Relative to the baseline prediction, the forecast moved strongly up. The main upward influences were 14-day RSI, 5-day average return, 60-day average return. The main downward influences were 20-day average volume, 20-day momentum, MACD histogram."
split_021_2020-04-01_2022-06-30,1,2022-06-15,EFA,-0.022267553955316544,0.20822054147720337,0.009184090420603752,"For EFA on 2022-06-15, the DNN predicted a positive next-period log return. Relative to the baseline prediction, the forecast moved strongly up. The main upward influences were 5-day momentum, 60-day average return, 10-day return volatility. The main downward influences were 5-day average return, MACD (12, 26), 5-day return volatility."
split_021_2020-04-01_2022-06-30,2,2022-05-31,TLT,-0.0011437610955908895,-0.15089277923107147,0.009184090420603752,"For TLT on 2022-05-31, the DNN predicted a negative next-period log return. Relative to the baseline prediction, the forecast moved strongly down. The main upward influences were MACD (12, 26), 60-day return volatility, Asset indicator: TLT. The main downward influences were Volume change, 60-day momentum, 14-day RSI."
split_021_2020-04-01_2022-06-30,3,2022-04-29,SPY,0.006001481786370277,0.18898668885231018,0.009184090420603752,"For SPY on 2022-04-29, the DNN predicted a positive next-period log return. Relative to the baseline prediction, the forecast moved strongly up. The main upward influences were Trading volume, MACD histogram, 1-day simple return. The main downward influences were MACD (12, 26), 10-day average return, 5-day momentum."
split_021_2020-04-01_2022-06-30,4,2022-06-14,IWM,0.014535544440150261,0.1824357956647873,0.009184090420603752,"For IWM on 2022-06-14, the DNN predicted a positive next-period log return. Relative to the baseline prediction, the forecast moved strongly up. The main upward influences were 5-day momentum, 10-day return volatility, MACD histogram. The main downward influences were 5-day average return, 20-day average return, MACD (12, 26)."
split_022_2020-07-01_2022-09-29,1,2022-09-28,SPY,-0.021110184490680695,0.11869507282972336,-0.0019019512692466378,"For SPY on 2022-09-28, the DNN predicted a positive next-period log return. Relative to the baseline prediction, the forecast moved strongly up. The main upward influences were 14-day RSI, 1-day log return, MACD signal (9). The main downward influences were 20-day momentum, MACD histogram, 10-day average return."
split_022_2020-07-01_2022-09-29,2,2022-07-08,IWM,-0.020308442413806915,-0.175843745470047,-0.0019019512692466378,"For IWM on 2022-07-08, the DNN predicted a negative next-period log return. Relative to the baseline prediction, the forecast moved strongly down. The main upward influences were 10-day return volatility, Trading volume, 10-day momentum. The main downward influences were 60-day return volatility, 20-day return volatility, 14-day RSI."
split_022_2020-07-01_2022-09-29,3,2022-08-10,EFA,-0.0003017058770637959,-0.16470909118652344,-0.0019019512692466378,"For EFA on 2022-08-10, the DNN predicted a negative next-period log return. Relative to the baseline prediction, the forecast moved strongly down. The main upward influences were 10-day momentum, 14-day RSI, Volume change. The main downward influences were 1-day simple return, 20-day average return, 20-day momentum."
split_022_2020-07-01_2022-09-29,4,2022-07-21,IWM,-0.016080597415566444,-0.14637085795402527,-0.0019019512692466378,"For IWM on 2022-07-21, the DNN predicted a negative next-period log return. Relative to the baseline prediction, the forecast moved strongly down. The main upward influences were 5-day return volatility, 60-day average return, Asset indicator: IWM. The main downward influences were 60-day return volatility, 5-day momentum, 20-day return volatility."
split_023_2020-09-30_2022-12-29,1,2022-11-01,IWM,-0.033736396580934525,0.17226438224315643,0.013097858056426048,"For IWM on 2022-11-01, the DNN predicted a positive next-period log return. Relative to the baseline prediction, the forecast moved strongly up. The main upward influences were 60-day return volatility, MACD histogram, MACD (12, 26). The main downward influences were 10-day momentum, 20-day momentum, 60-day average return."
split_023_2020-09-30_2022-12-29,2,2022-11-10,SPY,0.009632010012865067,-0.34443598985671997,0.013097858056426048,"For SPY on 2022-11-10, the DNN predicted a negative next-period log return. Relative to the baseline prediction, the forecast moved strongly down. The main upward influences were Volume change, 20-day average volume, 60-day return volatility. The main downward influences were 1-day log return, Trading volume, 5-day return volatility."
split_023_2020-09-30_2022-12-29,3,2022-11-10,IWM,0.008165807463228703,-0.2943377196788788,0.013097858056426048,"For IWM on 2022-11-10, the DNN predicted a negative next-period log return. Relative to the baseline prediction, the forecast moved strongly down. The main upward influences were 20-day return volatility, 5-day momentum, Asset indicator: IWM. The main downward influences were 5-day return volatility, 1-day log return, 20-day momentum."
split_023_2020-09-30_2022-12-29,4,2022-11-10,EFA,0.01974756084382534,-0.2366102784872055,0.013097858056426048,"For EFA on 2022-11-10, the DNN predicted a negative next-period log return. Relative to the baseline prediction, the forecast moved strongly down. The main upward influences were 20-day average return, 10-day average return, 5-day momentum. The main downward influences were 1-day simple return, 5-day return volatility, 60-day return volatility."
split_024_2020-12-30_2023-03-31,1,2023-02-07,IWM,-0.014731227420270443,0.1453752964735031,0.02305370196700096,"For IWM on 2023-02-07, the DNN predicted a positive next-period log return. Relative to the baseline prediction, the forecast moved strongly up. The main upward influences were 20-day momentum, MACD (12, 26), Volume change. The main downward influences were 20-day average return, 10-day average return, 60-day return volatility."
split_024_2020-12-30_2023-03-31,2,2023-01-10,EFA,0.00754936458542943,-0.13575142621994019,0.02305370196700096,"For EFA on 2023-01-10, the DNN predicted a negative next-period log return. Relative to the baseline prediction, the forecast moved strongly down. The main upward influences were 60-day average return, 10-day momentum, Trading volume. The main downward influences were 60-day momentum, 20-day momentum, 5-day average return."
split_024_2020-12-30_2023-03-31,3,2023-01-11,EFA,0.014645038172602654,-0.11832408607006073,0.02305370196700096,"For EFA on 2023-01-11, the DNN predicted a negative next-period log return. Relative to the baseline prediction, the forecast moved strongly down. The main upward influences were 10-day momentum, Trading volume, 60-day average return. The main downward influences were 60-day momentum, 10-day average return, 20-day momentum."
split_024_2020-12-30_2023-03-31,4,2023-01-12,EFA,0.005259653087705374,-0.11767173558473587,0.02305370196700096,"For EFA on 2023-01-12, the DNN predicted a negative next-period log return. Relative to the baseline prediction, the forecast moved strongly down. The main upward influences were 10-day momentum, 60-day average return, Trading volume. The main downward influences were 60-day momentum, 10-day average return, 5-day momentum."
split_025_2021-04-01_2023-07-03,1,2023-05-05,TLT,-0.01411371398717165,0.2463339865207672,-0.028488244861364365,"For TLT on 2023-05-05, the DNN predicted a positive next-period log return. Relative to the baseline prediction, the forecast moved strongly up. The main upward influences were 5-day return volatility, 20-day average return, Volume change. The main downward influences were 20-day average volume, 10-day average return, 60-day return volatility."
split_025_2021-04-01_2023-07-03,2,2023-06-30,EFA,-0.0011040818644687533,-0.20344120264053345,-0.028488244861364365,"For EFA on 2023-06-30, the DNN predicted a negative next-period log return. Relative to the baseline prediction, the forecast moved strongly down. The main upward influences were 20-day average return, 5-day average return, 20-day return volatility. The main downward influences were Volume change, 60-day return volatility, 20-day momentum."
split_025_2021-04-01_2023-07-03,3,2023-05-05,SPY,0.00026654056273400784,-0.182567298412323,-0.028488244861364365,"For SPY on 2023-05-05, the DNN predicted a negative next-period log return. Relative to the baseline prediction, the forecast moved strongly down. The main upward influences were 1-day simple return, Trading volume, MACD signal (9). The main downward influences were 1-day log return, MACD histogram, Asset indicator: SPY."
split_025_2021-04-01_2023-07-03,4,2023-04-27,SPY,0.0084988446906209,-0.1578039675951004,-0.028488244861364365,"For SPY on 2023-04-27, the DNN predicted a negative next-period log return. Relative to the baseline prediction, the forecast moved strongly down. The main upward influences were 1-day simple return, 10-day return volatility, 60-day average return. The main downward influences were 1-day log return, 60-day momentum, 20-day average volume."
split_026_2021-07-01_2023-10-02,1,2023-07-27,IWM,0.01286033634096384,0.08455560356378555,0.005448339972645044,"For IWM on 2023-07-27, the DNN predicted a positive next-period log return. Relative to the baseline prediction, the forecast moved strongly up. The main upward influences were 20-day average return, 60-day average return, Asset indicator: IWM. The main downward influences were 20-day average volume, 20-day momentum, 1-day log return."
split_026_2021-07-01_2023-10-02,2,2023-08-31,SPY,0.0018634378211572766,-0.11849475651979446,0.005448339972645044,"For SPY on 2023-08-31, the DNN predicted a negative next-period log return. Relative to the baseline prediction, the forecast moved strongly down. The main upward influences were Asset indicator: SPY, 60-day average return, 1-day log return. The main downward influences were 20-day return volatility, Volume change, 60-day momentum."
split_026_2021-07-01_2023-10-02,3,2023-09-06,SPY,-0.003074824111536145,-0.1183791533112526,0.005448339972645044,"For SPY on 2023-09-06, the DNN predicted a negative next-period log return. Relative to the baseline prediction, the forecast moved strongly down. The main upward influences were 20-day average volume, 60-day average return, Volume change. The main downward influences were 20-day return volatility, Trading volume, MACD histogram."
split_026_2021-07-01_2023-10-02,4,2023-09-01,SPY,-0.00433134101331234,-0.09040965139865875,0.005448339972645044,"For SPY on 2023-09-01, the DNN predicted a negative next-period log return. Relative to the baseline prediction, the forecast moved strongly down. The main upward influences were Asset indicator: SPY, 60-day average return, 1-day log return. The main downward influences were 60-day return volatility, 20-day return volatility, 5-day return volatility."
split_027_2021-09-30_2024-01-02,1,2023-11-30,SPY,0.005898395087569952,0.1450294852256775,0.02490806020796299,"For SPY on 2023-11-30, the DNN predicted a positive next-period log return. Relative to the baseline prediction, the forecast moved strongly up. The main upward influences were MACD signal (9), 20-day momentum, 20-day average volume. The main downward influences were 60-day average return, Asset indicator: SPY, 60-day momentum."
split_027_2021-09-30_2024-01-02,2,2023-11-14,IWM,0.001735479454509914,-0.14972572028636932,0.02490806020796299,"For IWM on 2023-11-14, the DNN predicted a negative next-period log return. Relative to the baseline prediction, the forecast moved strongly down. The main upward influences were 1-day simple return, 20-day return volatility, 5-day momentum. The main downward influences were Volume change, 14-day RSI, Trading volume."
split_027_2021-09-30_2024-01-02,3,2023-10-09,IWM,0.011258241720497608,0.126987025141716,0.02490806020796299,"For IWM on 2023-10-09, the DNN predicted a positive next-period log return. Relative to the baseline prediction, the forecast moved strongly up. The main upward influences were MACD signal (9), 60-day momentum, MACD (12, 26). The main downward influences were 1-day simple return, 20-day average return, 60-day average return."
split_027_2021-09-30_2024-01-02,4,2023-12-01,SPY,-0.005263191182166338,0.1257183998823166,0.02490806020796299,"For SPY on 2023-12-01, the DNN predicted a positive next-period log return. Relative to the baseline prediction, the forecast moved strongly up. The main upward influences were MACD signal (9), 20-day average return, 20-day average volume. The main downward influences were Asset indicator: SPY, 60-day average return, 10-day momentum."
split_028_2021-12-30_2024-04-03,1,2024-02-01,IWM,-0.00528407096862793,0.14486145973205566,-0.003974952735006809,"For IWM on 2024-02-01, the DNN predicted a positive next-period log return. Relative to the baseline prediction, the forecast moved strongly up. The main upward influences were 60-day momentum, 60-day average return, 1-day simple return. The main downward influences were 1-day log return, 10-day average return, MACD signal (9)."
split_028_2021-12-30_2024-04-03,2,2024-01-31,SPY,0.013003247790038586,-0.1497681736946106,-0.003974952735006809,"For SPY on 2024-01-31, the DNN predicted a negative next-period log return. Relative to the baseline prediction, the forecast moved strongly down. The main upward influences were 20-day average volume, 1-day log return, MACD signal (9). The main downward influences were MACD (12, 26), 1-day simple return, Volume change."
split_028_2021-12-30_2024-04-03,3,2024-01-29,SPY,-0.0007738402346149087,-0.11236292868852615,-0.003974952735006809,"For SPY on 2024-01-29, the DNN predicted a negative next-period log return. Relative to the baseline prediction, the forecast moved strongly down. The main upward influences were 10-day return volatility, 1-day simple return, 5-day average return. The main downward influences were 20-day average volume, 1-day log return, 60-day momentum."
split_028_2021-12-30_2024-04-03,4,2024-02-02,IWM,-0.01278645545244217,0.1118064895272255,-0.003974952735006809,"For IWM on 2024-02-02, the DNN predicted a positive next-period log return. Relative to the baseline prediction, the forecast moved strongly up. The main upward influences were 60-day average return, 5-day average return, Trading volume. The main downward influences were 10-day average return, Asset indicator: TLT, 1-day simple return."
split_029_2022-03-31_2024-07-03,1,2024-06-24,SPY,0.0038437286857515574,0.12659411132335663,0.0014483024133369327,"For SPY on 2024-06-24, the DNN predicted a positive next-period log return. Relative to the baseline prediction, the forecast moved strongly up. The main upward influences were MACD signal (9), Volume change, 5-day return volatility. The main downward influences were 60-day return volatility, 20-day return volatility, 60-day momentum."
split_029_2022-03-31_2024-07-03,2,2024-05-22,EFA,-0.0050871716812253,-0.16877686977386475,0.0014483024133369327,"For EFA on 2024-05-22, the DNN predicted a negative next-period log return. Relative to the baseline prediction, the forecast moved strongly down. The main upward influences were 20-day average volume, 10-day return volatility, 5-day return volatility. The main downward influences were Volume change, 60-day return volatility, 20-day return volatility."
split_029_2022-03-31_2024-07-03,3,2024-04-10,IWM,0.006745550781488419,-0.15337729454040527,0.0014483024133369327,"For IWM on 2024-04-10, the DNN predicted a negative next-period log return. Relative to the baseline prediction, the forecast moved strongly down. The main upward influences were 1-day simple return, 5-day momentum, 20-day average return. The main downward influences were 1-day log return, 5-day average return, Volume change."
split_029_2022-03-31_2024-07-03,4,2024-06-25,SPY,0.0012472821399569511,0.12278598546981812,0.0014483024133369327,"For SPY on 2024-06-25, the DNN predicted a positive next-period log return. Relative to the baseline prediction, the forecast moved strongly up. The main upward influences were MACD (12, 26), MACD signal (9), 5-day return volatility. The main downward influences were 60-day return volatility, 20-day average return, 1-day log return."
split_030_2022-07-01_2024-10-02,1,2024-07-25,SPY,0.011137545108795166,0.12978847324848175,-0.005293357186019421,"For SPY on 2024-07-25, the DNN predicted a positive next-period log return. Relative to the baseline prediction, the forecast moved strongly up. The main upward influences were 20-day return volatility, MACD histogram, 5-day momentum. The main downward influences were 20-day average return, 20-day average volume, 1-day log return."
split_030_2022-07-01_2024-10-02,2,2024-08-13,IWM,-0.006222110707312822,-0.1479269564151764,-0.005293357186019421,"For IWM on 2024-08-13, the DNN predicted a negative next-period log return. Relative to the baseline prediction, the forecast moved strongly down. The main upward influences were 10-day average return, 10-day return volatility, 60-day return volatility. The main downward influences were 10-day momentum, MACD histogram, 20-day return volatility."
split_030_2022-07-01_2024-10-02,3,2024-08-12,IWM,0.016336895525455475,-0.14123806357383728,-0.005293357186019421,"For IWM on 2024-08-12, the DNN predicted a negative next-period log return. Relative to the baseline prediction, the forecast moved strongly down. The main upward influences were MACD (12, 26), 1-day log return, Asset indicator: IWM. The main downward influences were 20-day return volatility, MACD histogram, 14-day RSI."
split_030_2022-07-01_2024-10-02,4,2024-08-02,TLT,0.005277053453028202,-0.1207321435213089,-0.005293357186019421,"For TLT on 2024-08-02, the DNN predicted a negative next-period log return. Relative to the baseline prediction, the forecast moved strongly down. The main upward influences were 10-day average return, 14-day RSI, 60-day momentum. The main downward influences were 1-day simple return, 5-day average return, 1-day log return."
split_031_2022-09-30_2025-01-02,1,2024-12-02,IWM,-0.007140257861465216,0.15596365928649902,-0.003950746729969978,"For IWM on 2024-12-02, the DNN predicted a positive next-period log return. Relative to the baseline prediction, the forecast moved strongly up. The main upward influences were 60-day momentum, 10-day momentum, Volume change. The main downward influences were 60-day average return, 5-day momentum, 60-day return volatility."
split_031_2022-09-30_2025-01-02,2,2024-11-14,IWM,-0.015029964968562126,-0.21593907475471497,-0.003950746729969978,"For IWM on 2024-11-14, the DNN predicted a negative next-period log return. Relative to the baseline prediction, the forecast moved strongly down. The main upward influences were Asset indicator: IWM, 5-day average return, MACD (12, 26). The main downward influences were 10-day average return, 14-day RSI, 5-day momentum."
split_031_2022-09-30_2025-01-02,3,2024-11-13,IWM,-0.013574796728789806,-0.1693515032529831,-0.003950746729969978,"For IWM on 2024-11-13, the DNN predicted a negative next-period log return. Relative to the baseline prediction, the forecast moved strongly down. The main upward influences were MACD histogram, 10-day return volatility, Asset indicator: IWM. The main downward influences were 10-day average return, 14-day RSI, 1-day log return."
split_031_2022-09-30_2025-01-02,4,2024-12-23,SPY,0.011053589172661304,-0.1623103767633438,-0.003950746729969978,"For SPY on 2024-12-23, the DNN predicted a negative next-period log return. Relative to the baseline prediction, the forecast moved strongly down. The main upward influences were Asset indicator: SPY, 10-day momentum, 5-day return volatility. The main downward influences were MACD histogram, Volume change, Trading volume."
split_032_2022-12-30_2025-04-04,1,2025-03-31,IWM,0.00010016941814683378,0.07760486006736755,0.002928833942860365,"For IWM on 2025-03-31, the DNN predicted a positive next-period log return. Relative to the baseline prediction, the forecast moved strongly up. The main upward influences were 20-day momentum, 5-day return volatility, 5-day average return. The main downward influences were MACD (12, 26), MACD signal (9), 20-day average return."
split_032_2022-12-30_2025-04-04,2,2025-04-03,TLT,0.010828341357409954,-0.10107192397117615,0.002928833942860365,"For TLT on 2025-04-03, the DNN predicted a negative next-period log return. Relative to the baseline prediction, the forecast moved strongly down. The main upward influences were 10-day momentum, 5-day return volatility, 10-day average return. The main downward influences were 14-day RSI, Asset indicator: TLT, 20-day return volatility."
split_032_2022-12-30_2025-04-04,3,2025-03-07,SPY,-0.02699664607644081,-0.09968631714582443,0.002928833942860365,"For SPY on 2025-03-07, the DNN predicted a negative next-period log return. Relative to the baseline prediction, the forecast moved strongly down. The main upward influences were 5-day momentum, MACD (12, 26), 20-day average return. The main downward influences were MACD histogram, 60-day average return, 14-day RSI."
split_032_2022-12-30_2025-04-04,4,2025-03-19,SPY,-0.0028959547635167837,-0.09729289263486862,0.002928833942860365,"For SPY on 2025-03-19, the DNN predicted a negative next-period log return. Relative to the baseline prediction, the forecast moved strongly down. The main upward influences were MACD (12, 26), 20-day return volatility, 20-day average volume. The main downward influences were Asset indicator: SPY, 60-day average return, 10-day momentum."
split_033_2023-04-03_2025-07-08,1,2025-04-10,EFA,0.024743380025029182,0.3768261969089508,-0.002691064029932022,"For EFA on 2025-04-10, the DNN predicted a positive next-period log return. Relative to the baseline prediction, the forecast moved strongly up. The main upward influences were 5-day return volatility, 20-day return volatility, 10-day average return. The main downward influences were 10-day return volatility, 60-day return volatility, 20-day momentum."
split_033_2023-04-03_2025-07-08,2,2025-05-14,SPY,0.004872351884841919,-0.492171049118042,-0.002691064029932022,"For SPY on 2025-05-14, the DNN predicted a negative next-period log return. Relative to the baseline prediction, the forecast moved strongly down. The main upward influences were MACD signal (9), 10-day momentum, 5-day momentum. The main downward influences were MACD (12, 26), MACD histogram, 60-day return volatility."
split_033_2023-04-03_2025-07-08,3,2025-05-16,SPY,0.001093345577828586,-0.4911389648914337,-0.002691064029932022,"For SPY on 2025-05-16, the DNN predicted a negative next-period log return. Relative to the baseline prediction, the forecast moved strongly down. The main upward influences were MACD signal (9), 5-day momentum, 10-day momentum. The main downward influences were MACD histogram, MACD (12, 26), 14-day RSI."
split_033_2023-04-03_2025-07-08,4,2025-05-12,SPY,0.006582301575690508,-0.44545978307724,-0.002691064029932022,"For SPY on 2025-05-12, the DNN predicted a negative next-period log return. Relative to the baseline prediction, the forecast moved strongly down. The main upward influences were 1-day log return, 20-day average return, 14-day RSI. The main downward influences were MACD histogram, 1-day simple return, Trading volume."
split_034_2023-07-05_2025-10-06,1,2025-08-20,TLT,-0.004963933024555445,0.08676382154226303,0.000579116283915937,"For TLT on 2025-08-20, the DNN predicted a positive next-period log return. Relative to the baseline prediction, the forecast moved strongly up. The main upward influences were 60-day return volatility, 20-day momentum, 10-day momentum. The main downward influences were 5-day return volatility, 10-day average return, 10-day return volatility."
split_034_2023-07-05_2025-10-06,2,2025-07-10,EFA,-0.00962193962186575,-0.06736017018556595,0.000579116283915937,"For EFA on 2025-07-10, the DNN predicted a negative next-period log return. Relative to the baseline prediction, the forecast moved strongly down. The main upward influences were Trading volume, MACD histogram, 20-day momentum. The main downward influences were 20-day average volume, 60-day momentum, 20-day average return."
split_034_2023-07-05_2025-10-06,3,2025-08-18,TLT,0.005787016823887825,0.08198804408311844,0.000579116283915937,"For TLT on 2025-08-18, the DNN predicted a positive next-period log return. Relative to the baseline prediction, the forecast moved strongly up. The main upward influences were 10-day momentum, 60-day return volatility, 5-day average return. The main downward influences were 10-day return volatility, 1-day simple return, 10-day average return."
split_034_2023-07-05_2025-10-06,4,2025-07-10,TLT,-0.013890698552131653,0.07434704154729843,0.000579116283915937,"For TLT on 2025-07-10, the DNN predicted a positive next-period log return. Relative to the baseline prediction, the forecast moved strongly up. The main upward influences were 20-day momentum, 14-day RSI, 60-day return volatility. The main downward influences were 20-day return volatility, Asset indicator: IWM, 10-day return volatility."
