split,net_ann_return_black_litterman,net_ann_return_markowitz,net_max_drawdown_black_litterman,net_max_drawdown_markowitz,net_sharpe_black_litterman,net_sharpe_markowitz,net_sortino_black_litterman,net_sortino_markowitz,tc_total_black_litterman,tc_total_markowitz,turnover_total_black_litterman,turnover_total_markowitz
split_001_2015-03-31_2017-06-28,0.158203,0.175331,-0.013551,-0.009153,2.624585,3.526831,4.053733,5.717854,0.001677,0.001193,1.67662,1.19332
split_002_2015-06-30_2017-09-27,0.060579,0.057251,-0.013969,-0.008742,1.222281,1.17192,1.64099,1.579156,0.001296,0.001124,1.296195,1.1235
split_003_2015-09-29_2017-12-27,0.220028,0.230023,-0.01097,-0.011887,4.368393,4.69051,7.843844,7.997495,0.001287,0.001152,1.287254,1.15246
split_004_2015-12-29_2018-03-29,-0.110345,-0.094191,-0.087351,-0.082033,-0.671516,-0.635641,-0.83843,-0.799405,0.001421,0.001323,1.421014,1.3226
split_005_2016-03-31_2018-06-28,0.147108,0.169702,-0.023566,-0.024592,1.433986,1.643298,2.02184,2.322563,0.001257,0.001467,1.25656,1.46736
split_006_2016-06-29_2018-09-27,0.21054,0.198867,-0.018613,-0.017964,2.617709,2.488529,4.073866,3.825791,0.001377,0.001708,1.37698,1.70824
split_007_2016-09-28_2018-12-28,-0.444202,-0.394786,-0.171129,-0.14994,-2.767358,-2.639364,-3.522874,-3.368862,0.001895,0.001657,1.89532,1.65658
split_008_2016-12-28_2019-04-01,0.401137,0.424019,-0.01496,-0.011507,5.751123,6.256876,10.677467,12.339235,0.001405,0.001168,1.404774,1.1675
split_009_2017-03-30_2019-07-01,0.169576,0.194438,-0.017795,-0.015223,2.658709,3.159882,4.253225,5.222929,0.001471,0.001259,1.47052,1.25854
split_010_2017-06-29_2019-09-30,0.20882,0.221439,-0.033579,-0.035641,2.547587,2.633086,3.777726,3.894942,0.001206,0.001116,1.2056,1.11586
split_011_2017-09-28_2019-12-30,0.046288,0.047377,-0.026542,-0.026454,0.64465,0.658607,0.955847,0.977907,0.001063,0.00104,1.06278,1.04026
split_012_2017-12-28_2020-03-31,0.183686,0.196699,-0.152872,-0.14916,0.883382,0.938606,1.137519,1.213771,0.001216,0.001092,1.21604,1.09234
split_013_2018-04-02_2020-06-30,0.331721,0.357392,-0.031644,-0.030127,2.748783,2.836358,4.783652,5.070233,0.00109,0.001,1.0899,1.0
split_014_2018-06-29_2020-09-29,0.138927,0.161262,-0.037625,-0.041544,1.676062,1.842505,2.323302,2.571267,0.001142,0.001,1.1419,1.0
split_015_2018-09-28_2020-12-29,0.103814,0.086164,-0.041317,-0.042305,1.205136,0.981509,1.972003,1.566418,0.00118,0.001,1.179733,1.0
split_016_2018-12-31_2021-03-31,-0.146947,-0.196974,-0.059678,-0.069098,-1.401252,-2.008221,-1.810091,-2.57753,0.001163,0.001074,1.163493,1.07376
split_017_2019-04-02_2021-06-30,0.283216,0.329493,-0.036535,-0.032732,2.897846,3.512648,4.602485,6.03773,0.001265,0.001215,1.2647,1.21514
split_018_2019-07-02_2021-09-29,0.002997,0.044062,-0.036804,-0.038152,0.076916,0.621601,0.099464,0.833695,0.001317,0.001175,1.317487,1.174789
split_019_2019-10-01_2021-12-29,0.249718,0.302373,-0.030643,-0.017713,2.536628,3.198721,3.988205,5.121661,0.001194,0.001082,1.194225,1.08194
split_020_2019-12-31_2022-03-30,-0.142405,-0.188782,-0.111338,-0.111342,-0.871868,-1.438555,-1.224932,-1.904088,0.00161,0.001246,1.61008,1.24642
split_021_2020-04-01_2022-06-30,-0.526128,-0.52458,-0.191106,-0.189263,-2.592676,-2.677818,-3.172599,-3.279624,0.001211,0.001296,1.2109,1.296054
split_022_2020-07-01_2022-09-29,-0.131019,-0.103604,-0.164853,-0.160986,-0.512638,-0.376655,-0.710123,-0.522161,0.001571,0.001,1.57102,1.0
split_023_2020-09-30_2022-12-29,0.286925,0.307148,-0.075438,-0.06586,1.083025,1.166376,1.830063,1.985299,0.001479,0.001418,1.47932,1.41822
split_024_2020-12-30_2023-03-31,0.329374,0.329374,-0.067937,-0.067937,1.942774,1.942774,3.01315,3.01315,0.001,0.001,1.0,1.0
split_025_2021-04-01_2023-07-03,0.207398,0.207398,-0.024316,-0.024316,1.900838,1.900838,3.236826,3.236826,0.002,0.002,2.0,2.0
split_026_2021-07-01_2023-10-02,-0.259016,-0.234291,-0.098559,-0.091131,-2.646031,-2.356487,-3.254346,-2.948169,0.002438,0.002,2.4378,2.0
split_027_2021-09-30_2024-01-02,0.451578,0.451578,-0.058827,-0.058827,2.797152,2.797152,4.552098,4.552098,0.002,0.002,2.0,2.0
split_028_2021-12-30_2024-04-03,0.39426,0.39426,-0.015982,-0.015982,3.434436,3.434436,5.963159,5.963159,0.001,0.001,1.0,1.0
split_029_2022-03-31_2024-07-03,0.196318,0.196318,-0.044163,-0.044163,1.800856,1.800856,2.714741,2.714741,0.001,0.001,1.0,1.0
split_030_2022-07-01_2024-10-02,0.151648,0.154384,-0.079587,-0.079587,0.995432,1.012398,1.418921,1.442219,0.001057,0.001,1.05724,1.0
split_031_2022-09-30_2025-01-02,-0.078825,-0.063289,-0.043155,-0.041241,-0.703207,-0.574214,-0.86818,-0.718324,0.001235,0.001116,1.2346,1.11558
split_032_2022-12-30_2025-04-04,-0.33293,-0.301618,-0.146569,-0.139553,-1.905517,-1.698726,-2.157816,-1.92761,0.001193,0.001099,1.19252,1.09886
split_033_2023-04-03_2025-07-08,1.231213,1.231213,-0.03418,-0.03418,3.463717,3.463717,8.231333,8.231333,0.001,0.001,1.0,1.0
split_034_2023-07-05_2025-10-06,0.349182,0.349835,-0.030404,-0.030404,3.408671,3.420836,6.123152,6.140373,0.001058,0.001,1.0581,1.0
