split,variant,family,family_label,removed_features,n_removed_features,mae,rmse,direction_acc,pred_real_corr,train_mae,train_rmse,n_train_rows,n_test_rows,net_ann_return,net_ann_vol,net_sharpe,net_sortino,net_cumulative_return,net_max_drawdown,turnover_total,tc_total,n_reb
split_001_2015-03-31_2017-06-28,full,full,Full model,,0,0.016426024958491325,0.02259630337357521,0.503968253968254,0.028164360097346925,0.019816486164927483,0.02631719410419464,2016,252,0.17794261697049807,0.07219208211839995,2.304642613354896,4.309537798096777,0.041792037156612505,-0.014359538671363414,3.0,0.003,3
split_001_2015-03-31_2017-06-28,without_return_level,return_level,Return-level family,"ret_mean_5, ret_mean_10, ret_mean_20, ret_mean_60",4,0.009988968260586262,0.013090305030345917,0.5,0.021684441019119108,0.012610151432454586,0.017044031992554665,2016,252,0.28921856174081273,0.06969880170922885,3.680912643827338,5.909371329246442,0.06556914746779863,-0.010840086142222094,3.810805596184432,0.0038108055961844317,3
split_001_2015-03-31_2017-06-28,without_volatility,volatility,Volatility family,"ret_std_5, ret_std_10, ret_std_20, ret_std_60",4,0.009160091169178486,0.011520667001605034,0.5277777777777778,0.03521643936426612,0.012883450835943222,0.017801539972424507,2016,252,0.20568580608725995,0.08073438401291373,2.3573543829225487,3.8931545064941924,0.04787272685411881,-0.02088912475865834,2.7,0.0027,3
split_001_2015-03-31_2017-06-28,without_momentum,momentum,Momentum family,"mom_5, mom_10, mom_20, mom_60",4,0.012544439174234867,0.015803759917616844,0.4722222222222222,0.04326801347926012,0.014287831261754036,0.019541576504707336,2016,252,0.2583845485460756,0.08096516864087856,2.8796707142471325,4.994650552392303,0.05913993691606989,-0.016457732680508208,3.4,0.0034,3
split_001_2015-03-31_2017-06-28,without_macd,macd,MACD family,"macd_12_26, macd_signal_9, macd_hist",3,0.013722263276576996,0.01980637013912201,0.49206349206349204,0.01519409893499691,0.015833228826522827,0.020977554842829704,2016,252,0.2330102515249488,0.054815378351452275,3.8497111571948675,6.4203330613507,0.053759909803036354,-0.00921374232121841,1.3687259191100232,0.0013687259191100232,3
split_001_2015-03-31_2017-06-28,without_rsi,rsi,RSI family,rsi_14,1,0.015422233380377293,0.020963720977306366,0.4603174603174603,-0.1362862965610577,0.016952181234955788,0.02258097566664219,2016,252,0.1738968258330167,0.0513389420270565,3.149181863178328,5.430990168018135,0.04089634144889098,-0.009163525753159152,2.045325415658474,0.002045325415658474,3
split_001_2015-03-31_2017-06-28,without_volume,volume,Volume family,"volume, volume_chg, volume_roll_mean_20",3,0.0180599894374609,0.02367357350885868,0.47619047619047616,-0.025581899095399277,0.019340727478265762,0.02554762363433838,2016,252,0.20113062839119977,0.052824725552669885,3.496501987006194,5.953291939755904,0.0468815847105879,-0.009258744285543186,1.8573184374554774,0.0018573184374554774,3
split_002_2015-06-30_2017-09-27,full,full,Full model,,0,0.014912573620676994,0.019375551491975784,0.5595238095238095,0.011022816602611306,0.018966546282172203,0.02643888257443905,2016,252,0.1244290332881075,0.06586930876324036,1.8132676993086148,2.7035586560889535,0.029752873912471056,-0.017663270087893923,3.4471698319418014,0.0034471698319418014,3
split_002_2015-06-30_2017-09-27,without_return_level,return_level,Return-level family,"ret_mean_5, ret_mean_10, ret_mean_20, ret_mean_60",4,0.01027118880301714,0.013077394105494022,0.5357142857142857,0.16036059644727996,0.012316364794969559,0.016624443233013153,2016,252,0.10518031666641225,0.08626100169543481,1.2021219273587702,1.6724066153386694,0.025317300387817765,-0.04423284036489872,3.2666666666666666,0.003266666666666667,3
split_002_2015-06-30_2017-09-27,without_volatility,volatility,Volatility family,"ret_std_5, ret_std_10, ret_std_20, ret_std_60",4,0.009440227411687374,0.012299487367272377,0.5079365079365079,0.0999944716932418,0.012423115782439709,0.016764473170042038,2016,252,0.10700706783865477,0.08652994312033306,1.2177494621728455,1.6888832159761376,0.025740724447173235,-0.042565994773969384,2.661473672263542,0.0026614736722635423,3
split_002_2015-06-30_2017-09-27,without_momentum,momentum,Momentum family,"mom_5, mom_10, mom_20, mom_60",4,0.014051675796508789,0.01796692982316017,0.503968253968254,0.05017450434964075,0.014130178838968277,0.01883634738624096,2016,252,-0.029360320147355456,0.07957896979830499,-0.33518082517183584,-0.42982851055934324,-0.007422307877121281,-0.04423284036489872,3.666666666666667,0.003666666666666667,3
split_002_2015-06-30_2017-09-27,without_macd,macd,MACD family,"macd_12_26, macd_signal_9, macd_hist",3,0.014140462502837181,0.01862974278628826,0.49603174603174605,0.017871528999870788,0.016975458711385727,0.02224864438176155,2016,252,-0.04263452811747037,0.06776935989935787,-0.6094306916962083,-0.7714315990904859,-0.010833408132133737,-0.035708049572737766,3.166666666666667,0.003166666666666667,3
split_002_2015-06-30_2017-09-27,without_rsi,rsi,RSI family,rsi_14,1,0.01366680208593607,0.01877199299633503,0.503968253968254,0.02531468715521966,0.017230302095413208,0.023378808051347733,2016,252,0.12707189257745743,0.0816604257147992,1.5055064459616874,2.0983726822344915,0.030357424405963895,-0.03878304642967412,2.8666666666666667,0.0028666666666666667,3
split_002_2015-06-30_2017-09-27,without_volume,volume,Volume family,"volume, volume_chg, volume_roll_mean_20",3,0.01889285072684288,0.023522434756159782,0.48412698412698413,0.059333016331925885,0.02048792503774166,0.02701166644692421,2016,252,0.01171504602831952,0.07037421419622603,0.2002456989472927,0.2573716279295256,0.0029159822656852352,-0.034360565510236585,4.2,0.004200000000000001,3
split_003_2015-09-29_2017-12-27,full,full,Full model,,0,0.03385994955897331,0.04302212968468666,0.5317460317460317,0.07918787420169075,0.026289066299796104,0.034239720553159714,2016,252,0.182057006667099,0.05887200193989956,2.870910593959223,4.613534766748865,0.04270055668674644,-0.018995527485386132,3.0121817506768886,0.0030121817506768888,3
split_003_2015-09-29_2017-12-27,without_return_level,return_level,Return-level family,"ret_mean_5, ret_mean_10, ret_mean_20, ret_mean_60",4,0.011095879599452019,0.014533521607518196,0.44841269841269843,-0.03803524517767911,0.01208335068076849,0.016175802797079086,2016,252,0.25228492023366145,0.04753716993719327,4.757993594640184,8.394726082098545,0.0578541343688983,-0.010145460866609723,2.0502478498390495,0.0020502478498390497,3
split_003_2015-09-29_2017-12-27,without_volatility,volatility,Volatility family,"ret_std_5, ret_std_10, ret_std_20, ret_std_60",4,0.009658429771661758,0.012749885208904743,0.4722222222222222,-0.014296269223363313,0.012194578535854816,0.016596008092164993,2016,252,0.19653009493040163,0.05021522085143955,3.599089864153189,6.4763663511652965,0.04587770829303017,-0.013398711535177132,2.3845806845323145,0.0023845806845323144,3
split_003_2015-09-29_2017-12-27,without_momentum,momentum,Momentum family,"mom_5, mom_10, mom_20, mom_60",4,0.013959825970232487,0.017270199954509735,0.47619047619047616,-0.008988680725649461,0.01366658415645361,0.018317759037017822,2016,252,0.18030873492423583,0.05279477273136918,3.167023731020738,4.975278792981613,0.042314802060057666,-0.01899552748538602,2.0,0.002,3
split_003_2015-09-29_2017-12-27,without_macd,macd,MACD family,"macd_12_26, macd_signal_9, macd_hist",3,0.015924585983157158,0.020411845296621323,0.47619047619047616,-0.049491586201985384,0.015947749838232994,0.021308843046426773,2016,252,0.18491410655262164,0.06305174839837004,2.722887193080236,4.407085172550247,0.04333005322952199,-0.017673152046814633,2.8666666666666667,0.0028666666666666667,3
split_003_2015-09-29_2017-12-27,without_rsi,rsi,RSI family,rsi_14,1,0.017263399437069893,0.021214956417679787,0.5,0.024660252657404503,0.017378976568579674,0.023462433367967606,2016,252,0.1660200487277581,0.06153867125712034,2.526954378455783,4.043609976840871,0.039145842654384255,-0.017673152046814522,3.1994090546430813,0.0031994090546430816,3
split_003_2015-09-29_2017-12-27,without_volume,volume,Volume family,"volume, volume_chg, volume_roll_mean_20",3,0.016517404466867447,0.02103612944483757,0.4642857142857143,-0.0013672873812097814,0.019774332642555237,0.026596536859869957,2016,252,0.23774440696711374,0.06013210457476243,3.5780798991508087,6.390605944256773,0.05476993719165968,-0.012914479291855074,2.527725404396013,0.002527725404396013,3
split_004_2015-12-29_2018-03-29,full,full,Full model,,0,0.06914826482534409,0.09671139717102051,0.49603174603174605,0.06739816444491033,0.05349363759160042,0.07225100696086884,2016,252,0.09478659780596588,0.11808730159995946,0.8255304690220644,1.0502531950296135,0.022898090887721878,-0.08005282669985969,3.678923837657538,0.003678923837657538,3
split_004_2015-12-29_2018-03-29,without_return_level,return_level,Return-level family,"ret_mean_5, ret_mean_10, ret_mean_20, ret_mean_60",4,0.01660245470702648,0.02351374365389347,0.49206349206349204,0.023638404381172106,0.012152192182838917,0.01660868339240551,2016,252,-0.08366442362530768,0.16000640552259912,-0.46647774995453833,-0.5725908888087112,-0.021606323673987515,-0.09239696896183702,2.2862192184081858,0.002286219218408186,3
split_004_2015-12-29_2018-03-29,without_volatility,volatility,Volatility family,"ret_std_5, ret_std_10, ret_std_20, ret_std_60",4,0.016506848856806755,0.022232115268707275,0.5476190476190477,0.19726640010204552,0.01295916736125946,0.018053444102406502,2016,252,0.01754803527463955,0.132353175935414,0.19709533502238252,0.24618434624523777,0.004358432041192684,-0.08360964992334308,2.532977119391253,0.002532977119391253,3
split_004_2015-12-29_2018-03-29,without_momentum,momentum,Momentum family,"mom_5, mom_10, mom_20, mom_60",4,0.018355272710323334,0.027418162673711777,0.5674603174603174,0.09118748867805207,0.014330066740512848,0.01956212893128395,2016,252,-0.08959231483954311,0.16068705941472158,-0.5044682640141306,-0.6338705890311873,-0.02319251509050957,-0.09646870897854343,3.304134655293666,0.003304134655293666,3
split_004_2015-12-29_2018-03-29,without_macd,macd,MACD family,"macd_12_26, macd_signal_9, macd_hist",3,0.02207312174141407,0.029359176754951477,0.5198412698412699,-0.039691583635357894,0.016709912568330765,0.02215634286403656,2016,252,-0.06616090413773357,0.16051991203493032,-0.34656132978553617,-0.4223543973391042,-0.01696719047381301,-0.09559614727695653,3.046113816504323,0.003046113816504323,3
split_004_2015-12-29_2018-03-29,without_rsi,rsi,RSI family,rsi_14,1,0.024888137355446815,0.034745778888463974,0.5198412698412699,0.11893640298087975,0.01822568289935589,0.02530776336789131,2016,252,-0.16553347700744125,0.14615431743273932,-1.16528022450683,-1.4165292680648616,-0.0442325639285166,-0.08588042497196757,3.08514241402362,0.00308514241402362,3
split_004_2015-12-29_2018-03-29,without_volume,volume,Volume family,"volume, volume_chg, volume_roll_mean_20",3,0.03138779476284981,0.04642718285322189,0.49206349206349204,-0.03048175389210543,0.021723905578255653,0.02975158579647541,2016,252,0.029422844509489066,0.12202686733706003,0.29786456692707514,0.3940178275112647,0.007275916799325932,-0.06924366623387224,3.787528409677528,0.003787528409677528,3
split_005_2016-03-31_2018-06-28,full,full,Full model,,0,0.01702168956398964,0.023124556988477707,0.5357142857142857,0.07781109549390482,0.018984710797667503,0.026478728279471397,2016,252,0.1018322001059413,0.10315145148311194,0.9912156703759273,1.3400758843846703,0.02453987325120166,-0.02754332043264196,2.5063182672571154,0.0025063182672571153,3
split_005_2016-03-31_2018-06-28,without_return_level,return_level,Return-level family,"ret_mean_5, ret_mean_10, ret_mean_20, ret_mean_60",4,0.01522514782845974,0.02142174355685711,0.49206349206349204,0.016219443809982696,0.012738119810819626,0.01779811643064022,2016,252,0.10392278628422069,0.08769835199360851,1.1707431357010147,1.7702406905698123,0.025025511308658377,-0.03058231570824521,3.676463594821721,0.003676463594821721,3
split_005_2016-03-31_2018-06-28,without_volatility,volatility,Volatility family,"ret_std_5, ret_std_10, ret_std_20, ret_std_60",4,0.013327117078006268,0.018211161717772484,0.5079365079365079,0.008796691421555106,0.013505589216947556,0.018791910260915756,2016,252,-0.04148506186697731,0.07627371636743502,-0.5178780663334591,-0.6952666348850411,-0.010536629610914727,-0.03182151954102019,3.1999999999999997,0.0031999999999999997,3
split_005_2016-03-31_2018-06-28,without_momentum,momentum,Momentum family,"mom_5, mom_10, mom_20, mom_60",4,0.01955098658800125,0.029095211997628212,0.48412698412698413,-0.044355921407631484,0.013117347843945026,0.01888675056397915,2016,252,0.08145342145071832,0.07489017135504115,1.0826213202728658,1.601524521397945,0.019769349978666417,-0.030582315708245766,2.8666666666666667,0.0028666666666666667,3
split_005_2016-03-31_2018-06-28,without_macd,macd,MACD family,"macd_12_26, macd_signal_9, macd_hist",3,0.021986356005072594,0.02976219169795513,0.48412698412698413,0.06741001699560577,0.01692572794854641,0.022988934069871902,2016,252,0.1254820047067018,0.09354207813729434,1.3101637862504987,1.8248224984507129,0.02999386728508102,-0.027311172958082497,4.0,0.004,3
split_005_2016-03-31_2018-06-28,without_rsi,rsi,RSI family,rsi_14,1,0.02199842594563961,0.03298747166991234,0.5,0.07774014569948616,0.017383690923452377,0.02513362281024456,2016,252,0.07414643256298481,0.0911510611981544,0.8297581144259493,1.1446126200717759,0.018042415204105655,-0.030582315708245433,3.1333333333333337,0.003133333333333334,3
split_005_2016-03-31_2018-06-28,without_volume,volume,Volume family,"volume, volume_chg, volume_roll_mean_20",3,0.02236216701567173,0.029754837974905968,0.4801587301587302,0.08569770692410328,0.02041335590183735,0.030081704258918762,2016,252,0.11346858935397686,0.10239814129579342,1.100388268069417,1.5021099195897782,0.027234253215314697,-0.025596265568535115,3.1332585259770784,0.0031332585259770786,3
split_006_2016-06-29_2018-09-27,full,full,Full model,,0,0.042189210653305054,0.05418483167886734,0.48412698412698413,-0.17407988557665643,0.04512220621109009,0.06240679696202278,2016,252,0.1701776079870243,0.06322440136522729,2.5175463327211367,4.049490323152252,0.04007090087396148,-0.033119768021676266,3.4750372798694547,0.0034750372798694547,3
split_006_2016-06-29_2018-09-27,without_return_level,return_level,Return-level family,"ret_mean_5, ret_mean_10, ret_mean_20, ret_mean_60",4,0.01286230981349945,0.01714969426393509,0.4603174603174603,0.054192086810585204,0.013762551359832287,0.019398434087634087,2016,252,0.08241609020274288,0.05869603945962904,1.3783539798708098,2.056491334605618,0.019996214246706945,-0.028205944024035534,2.218055951546594,0.002218055951546594,3
split_006_2016-06-29_2018-09-27,without_volatility,volatility,Volatility family,"ret_std_5, ret_std_10, ret_std_20, ret_std_60",4,0.013551981188356876,0.01905522495508194,0.5079365079365079,-0.030539623066145934,0.014022178016602993,0.019430281594395638,2016,252,0.07694665690829572,0.061854119685577434,1.2290862249256371,1.8137396300922726,0.01870525883815244,-0.027209087701904777,2.7,0.0027,3
split_006_2016-06-29_2018-09-27,without_momentum,momentum,Momentum family,"mom_5, mom_10, mom_20, mom_60",4,0.011576288379728794,0.015333784744143486,0.5476190476190477,0.08787108888623162,0.014831718988716602,0.023005101829767227,2016,252,-0.021523632905584344,0.06522936159171124,-0.30141995646385195,-0.40602814107367213,-0.005424892987109353,-0.03431184209264693,3.2891919289435663,0.0032891919289435665,3
split_006_2016-06-29_2018-09-27,without_macd,macd,MACD family,"macd_12_26, macd_signal_9, macd_hist",3,0.01597989723086357,0.021116560325026512,0.4246031746031746,0.0077404126188631486,0.019812949001789093,0.027763068675994873,2016,252,0.03875416484321015,0.05222116690160113,0.7538474649999708,1.1063191754006216,0.009550840097006796,-0.021806665796201274,2.533333333333333,0.002533333333333333,3
split_006_2016-06-29_2018-09-27,without_rsi,rsi,RSI family,rsi_14,1,0.01533192116767168,0.02149757742881775,0.503968253968254,-0.004697659797176579,0.020590560510754585,0.03073163889348507,2016,252,0.12322488384145602,0.058549144797827773,2.0139853018765366,3.207659139143537,0.029477072908978386,-0.014541350333463154,4.3300593641371385,0.004330059364137139,3
split_006_2016-06-29_2018-09-27,without_volume,volume,Volume family,"volume, volume_chg, volume_roll_mean_20",3,0.019021648913621902,0.02629975974559784,0.4880952380952381,0.00028574729275816286,0.022463150322437286,0.0334613099694252,2016,252,0.09114748200839373,0.05416762292117657,1.6372851502264234,2.5913315379861332,0.02204699038285307,-0.021759637701836754,2.4,0.0024,3
split_007_2016-09-28_2018-12-28,full,full,Full model,,0,0.034909214824438095,0.04624777287244797,0.4722222222222222,0.01566575751169821,0.017100822180509567,0.023475026711821556,2016,252,-0.3945221811144789,0.178691782279205,-2.7171377997487256,-3.529076491985481,-0.11788631554896034,-0.15371898797408745,2.805648570006259,0.0028056485700062588,3
split_007_2016-09-28_2018-12-28,without_return_level,return_level,Return-level family,"ret_mean_5, ret_mean_10, ret_mean_20, ret_mean_60",4,0.026662932708859444,0.0357973650097847,0.49603174603174605,0.11582132903543045,0.012672534212470055,0.01745959185063839,2016,252,-0.5165768200473915,0.2065329467209409,-3.412622095307509,-4.274787591945758,-0.16616164552940704,-0.19781122255822936,2.0136466725005278,0.002013646672500528,3
split_007_2016-09-28_2018-12-28,without_volatility,volatility,Volatility family,"ret_std_5, ret_std_10, ret_std_20, ret_std_60",4,0.023262832313776016,0.031814415007829666,0.5396825396825397,0.024476826698200314,0.013649758882820606,0.01861383765935898,2016,252,-0.5316036709810918,0.1914073226657566,-3.862132631382465,-4.689850405599611,-0.1727183893144223,-0.2040187833722923,3.140534635336191,0.003140534635336191,3
split_007_2016-09-28_2018-12-28,without_momentum,momentum,Momentum family,"mom_5, mom_10, mom_20, mom_60",4,0.026141509413719177,0.03615051880478859,0.47619047619047616,0.0655055284599731,0.014170692302286625,0.0193631649017334,2016,252,-0.451113723715429,0.17515005857008006,-3.334514618803859,-4.155977820437072,-0.13926276028727413,-0.16696210825985058,2.3629768666157105,0.0023629768666157108,3
split_007_2016-09-28_2018-12-28,without_macd,macd,MACD family,"macd_12_26, macd_signal_9, macd_hist",3,0.03451959788799286,0.04667112976312637,0.4880952380952381,-0.05277866582342645,0.015990808606147766,0.02139681577682495,2016,252,-0.4065260007920607,0.17688906558615874,-2.8596724573973034,-3.696053493037111,-0.12229125753992232,-0.1607381721399609,2.385364725823567,0.002385364725823567,3
split_007_2016-09-28_2018-12-28,without_rsi,rsi,RSI family,rsi_14,1,0.0416325218975544,0.06397277861833572,0.503968253968254,0.1475399993706078,0.017297526821494102,0.023607667535543442,2016,252,-0.4891863122177924,0.19731093782014555,-3.3028619074580083,-4.1448787172650166,-0.15459340480396488,-0.18342146069598664,2.9115979711046283,0.0029115979711046283,3
split_007_2016-09-28_2018-12-28,without_volume,volume,Volume family,"volume, volume_chg, volume_roll_mean_20",3,0.0427202433347702,0.06317117065191269,0.503968253968254,0.05648193532442963,0.017589759081602097,0.02334757335484028,2016,252,-0.35663041725393363,0.15718621644935166,-2.7260546772355556,-3.5481842656621434,-0.10439784251293116,-0.12611567433181314,3.9242564924005467,0.003924256492400547,3
split_008_2016-12-28_2019-04-01,full,full,Full model,,0,0.02933485247194767,0.04177822545170784,0.503968253968254,0.04037281000550025,0.01949266903102398,0.030569586902856827,2016,252,0.6765887935202104,0.08746406923021384,5.957213931805782,11.852743730367262,0.1379066611794324,-0.010072896646728946,2.8657970074890446,0.0028657970074890448,3
split_008_2016-12-28_2019-04-01,without_return_level,return_level,Return-level family,"ret_mean_5, ret_mean_10, ret_mean_20, ret_mean_60",4,0.01655646413564682,0.02632521651685238,0.5436507936507936,0.1535910596585149,0.012430412694811821,0.018885118886828423,2016,252,0.7050640454977051,0.12313612371091846,4.398318308644103,7.974054652329577,0.1427077534428154,-0.01855727605082924,3.289064270392173,0.003289064270392173,3
split_008_2016-12-28_2019-04-01,without_volatility,volatility,Volatility family,"ret_std_5, ret_std_10, ret_std_20, ret_std_60",4,0.020096052438020706,0.02875519171357155,0.48412698412698413,-0.016719032395509918,0.012090389616787434,0.017064068466424942,2016,252,0.6193622549825801,0.09845692132749585,4.948727888474336,9.855382327010384,0.12806987885095844,-0.013607140382130956,3.1735742814697225,0.0031735742814697227,3
split_008_2016-12-28_2019-04-01,without_momentum,momentum,Momentum family,"mom_5, mom_10, mom_20, mom_60",4,0.028423674404621124,0.04415403679013252,0.49206349206349204,0.0403299808579158,0.01453750766813755,0.022473737597465515,2016,252,0.6136731559444786,0.1035891714078415,4.674536904180233,8.405106568510286,0.12707779484589943,-0.017738534799416894,2.5689095236853134,0.0025689095236853133,3
split_008_2016-12-28_2019-04-01,without_macd,macd,MACD family,"macd_12_26, macd_signal_9, macd_hist",3,0.024516338482499123,0.036309219896793365,0.5515873015873016,0.13432204128561323,0.015269848518073559,0.023784730583429337,2016,252,0.691421814830512,0.07470134181012765,7.079616980690041,14.482585493573737,0.14041515988178066,-0.010288327966768596,3.2666666666666666,0.003266666666666667,3
split_008_2016-12-28_2019-04-01,without_rsi,rsi,RSI family,rsi_14,1,0.022122114896774292,0.034150153398513794,0.4722222222222222,-0.004050489589537594,0.012266968376934528,0.0205400250852108,2016,252,0.8460222405479723,0.12091215382508018,5.13547423718402,9.495334015307632,0.1656260165931165,-0.019396396102520752,2.3655648410336267,0.002365564841033627,3
split_008_2016-12-28_2019-04-01,without_volume,volume,Volume family,"volume, volume_chg, volume_roll_mean_20",3,0.02679780125617981,0.039636339992284775,0.5674603174603174,0.023701383634269428,0.016251463443040848,0.027321413159370422,2016,252,0.706360438825703,0.11233069022924255,4.817052091451867,9.153668506987946,0.14292489726836188,-0.020881974449000862,2.6927307686468707,0.002692730768646871,3
split_009_2017-03-30_2019-07-01,full,full,Full model,,0,0.024217011407017708,0.031237175688147545,0.5436507936507936,0.05950865459409836,0.025195477530360222,0.036827582865953445,2016,252,0.2759814866342063,0.07882742838518979,3.13198541268672,5.562512005975613,0.06282336493064666,-0.020822357303286743,2.8205606661733937,0.002820560666173394,3
split_009_2017-03-30_2019-07-01,without_return_level,return_level,Return-level family,"ret_mean_5, ret_mean_10, ret_mean_20, ret_mean_60",4,0.01199137233197689,0.01626364141702652,0.5515873015873016,0.03424173596341784,0.011837516911327839,0.017237786203622818,2016,252,-0.0036580878928822447,0.0995249583916062,0.012394478237940546,0.015642897104727285,-0.0009157791826438499,-0.057666571493320884,2.185869994785389,0.002185869994785389,3
split_009_2017-03-30_2019-07-01,without_volatility,volatility,Volatility family,"ret_std_5, ret_std_10, ret_std_20, ret_std_60",4,0.014699824154376984,0.0194172952324152,0.42063492063492064,-0.05506306807907273,0.013708940707147121,0.020473938435316086,2016,252,0.14295021615814396,0.10041359082957968,1.380458237566509,2.0005120726591983,0.033967358195594155,-0.049597098691850694,2.466666666666667,0.002466666666666667,3
split_009_2017-03-30_2019-07-01,without_momentum,momentum,Momentum family,"mom_5, mom_10, mom_20, mom_60",4,0.014224636368453503,0.01869288459420204,0.47619047619047616,-0.010778460508206696,0.0165737085044384,0.025706127285957336,2016,252,0.37625911001007406,0.08544868549738294,3.781769452683259,7.66176850394539,0.08311620032914302,-0.02205169013498043,3.9299608302487794,0.003929960830248779,3
split_009_2017-03-30_2019-07-01,without_macd,macd,MACD family,"macd_12_26, macd_signal_9, macd_hist",3,0.014254468493163586,0.018268512561917305,0.4880952380952381,-0.060491688532881456,0.0157924871891737,0.02331220917403698,2016,252,-0.06564177839749386,0.11233304280692467,-0.5487110538650943,-0.6782774044731236,-0.016830600752778535,-0.07668247810513784,3.031921734931559,0.0030319217349315587,3
split_009_2017-03-30_2019-07-01,without_rsi,rsi,RSI family,rsi_14,1,0.014052213169634342,0.019392915070056915,0.5198412698412699,-0.057805311025448246,0.014368323609232903,0.02213834412395954,2016,252,0.16775210549779485,0.09902221106921973,1.6153970267556934,2.3598602617394877,0.03953152595922682,-0.044769479375612375,2.1959190559141075,0.0021959190559141077,3
split_009_2017-03-30_2019-07-01,without_volume,volume,Volume family,"volume, volume_chg, volume_roll_mean_20",3,0.018586132675409317,0.025968968868255615,0.503968253968254,-0.07514312710314452,0.019454948604106903,0.02955014817416668,2016,252,0.3025390736979596,0.06562198421526108,4.062187566433991,7.802441977210316,0.06831097505400163,-0.014549122954026661,2.533333333333333,0.002533333333333333,3
split_010_2017-06-29_2019-09-30,full,full,Full model,,0,4.671598434448242,73.55513763427734,0.4880952380952381,-0.09381032761417303,0.02745874412357807,0.037024568766355515,2016,252,-0.1168237275960492,0.15119262617198478,-0.7466136422228201,-0.9492237775535098,-0.030580283905141892,-0.07796194958525582,3.2395699945027276,0.003239569994502728,3
split_010_2017-06-29_2019-09-30,without_return_level,return_level,Return-level family,"ret_mean_5, ret_mean_10, ret_mean_20, ret_mean_60",4,1.039599895477295,16.235137939453125,0.42063492063492064,-0.09378858007868836,0.012083993293344975,0.016969505697488785,2016,252,-0.0666316431080346,0.11195933382829415,-0.5606195085555487,-0.7529726143266106,-0.017091098156633455,-0.03801457037383216,2.006332299781727,0.002006332299781727,3
split_010_2017-06-29_2019-09-30,without_volatility,volatility,Volatility family,"ret_std_5, ret_std_10, ret_std_20, ret_std_60",4,2.6894781589508057,42.40260696411133,0.4801587301587302,-0.09376334479230065,0.01270316168665886,0.01746319606900215,2016,252,-0.026320792677511307,0.09657381701062914,-0.22862426584689063,-0.31328196023582155,-0.0066461622962801226,-0.03294809885042982,3.0017532890351726,0.0030017532890351728,3
split_010_2017-06-29_2019-09-30,without_momentum,momentum,Momentum family,"mom_5, mom_10, mom_20, mom_60",4,3.648707389831543,57.559207916259766,0.48412698412698413,-0.09377812316291698,0.01642020232975483,0.0230354405939579,2016,252,0.017741746015274673,0.08914068962859636,0.2411969609998437,0.330962755161281,0.004406228587764405,-0.03164584688897665,2.9220784628927126,0.0029220784628927127,3
split_010_2017-06-29_2019-09-30,without_macd,macd,MACD family,"macd_12_26, macd_signal_9, macd_hist",3,2.344266653060913,36.900840759277344,0.5238095238095238,0.09381839422234325,0.016418086364865303,0.02208261936903,2016,252,-0.02428521922857063,0.10276375860137685,-0.18853323606546776,-0.24698130204430482,-0.006127392515528851,-0.04174543006976861,2.6999999999999997,0.0026999999999999997,3
split_010_2017-06-29_2019-09-30,without_rsi,rsi,RSI family,rsi_14,1,2.2113070487976074,34.80437469482422,0.43253968253968256,-0.09378619152514281,0.013597844168543816,0.019799159839749336,2016,252,-0.0948586519735436,0.13989182808466671,-0.6430594427561638,-0.8141651839570092,-0.024608197955916733,-0.0718946794608829,3.1999999999999997,0.0031999999999999997,3
split_010_2017-06-29_2019-09-30,without_volume,volume,Volume family,"volume, volume_chg, volume_roll_mean_20",3,0.025937361642718315,0.033354200422763824,0.4444444444444444,-0.014852477815329775,0.019401533529162407,0.02709929272532463,2016,252,0.03650539597240732,0.0929149274043657,0.4317210946901786,0.5935664546992461,0.009004009105327393,-0.04108958279173658,2.0,0.002,3
split_011_2017-09-28_2019-12-30,full,full,Full model,,0,0.03488580510020256,0.04418833926320076,0.39285714285714285,-0.12676800158870294,0.037333205342292786,0.056230977177619934,2016,252,0.1687237479165724,0.0809350709272537,1.9668404940359852,2.9345590141816436,0.0397476972498465,-0.015575912233526279,1.9333333333333333,0.0019333333333333333,3
split_011_2017-09-28_2019-12-30,without_return_level,return_level,Return-level family,"ret_mean_5, ret_mean_10, ret_mean_20, ret_mean_60",4,0.024687452241778374,0.032153766602277756,0.44841269841269843,-0.032887722046577875,0.027375396341085434,0.040058813989162445,2016,252,0.156200552213128,0.07830963639464684,1.8924921061961952,2.7685797737158593,0.036951139341019346,-0.016883407791108862,2.151895811379692,0.002151895811379692,3
split_011_2017-09-28_2019-12-30,without_volatility,volatility,Volatility family,"ret_std_5, ret_std_10, ret_std_20, ret_std_60",4,0.01146579161286354,0.01538543775677681,0.5,0.03243964144039854,0.012438732199370861,0.017733674496412277,2016,252,0.16894097322639068,0.0870032655758246,1.8375231854051917,2.8488867728572203,0.03979600716386078,-0.01610331538895915,3.0,0.003,3
split_011_2017-09-28_2019-12-30,without_momentum,momentum,Momentum family,"mom_5, mom_10, mom_20, mom_60",4,0.02186533622443676,0.030823586508631706,0.4801587301587302,-0.15247656477712004,0.021565889939665794,0.02975078485906124,2016,252,0.19855090461247205,0.0889278458392766,2.0811904371985728,2.977331173094462,0.04631902242307406,-0.020999575011382943,3.2666666666666666,0.003266666666666667,3
split_011_2017-09-28_2019-12-30,without_macd,macd,MACD family,"macd_12_26, macd_signal_9, macd_hist",3,0.017175575718283653,0.021653350442647934,0.5,0.05513135498294039,0.01885167695581913,0.027871767058968544,2016,252,0.22114682200617408,0.07796789095733384,2.6019113024750937,3.8264645919567504,0.0512160204757508,-0.015567441609079302,3.4000000000000004,0.0034000000000000002,3
split_011_2017-09-28_2019-12-30,without_rsi,rsi,RSI family,rsi_14,1,0.01451053936034441,0.019557874649763107,0.5595238095238095,-0.04255054620209171,0.01652177795767784,0.03394264355301857,2016,252,0.06883556018316073,0.06388987521594094,1.0735005095705703,1.6738932172003296,0.016781705594905105,-0.019758921652077266,2.818529967692335,0.002818529967692335,3
split_011_2017-09-28_2019-12-30,without_volume,volume,Volume family,"volume, volume_chg, volume_roll_mean_20",3,0.017884857952594757,0.02578776516020298,0.46825396825396826,-0.03660580536030752,0.020421046763658524,0.028799744322896004,2016,252,0.2812040431797569,0.07861558473917533,3.192337333738305,4.810816218763428,0.06390922627730089,-0.01617156371966111,2.866666666666667,0.002866666666666667,3
split_012_2017-12-28_2020-03-31,full,full,Full model,,0,0.0710119977593422,0.11822770535945892,0.4365079365079365,-0.16066680095650143,0.024044102057814598,0.03311106190085411,2016,252,-0.5772883000709473,0.5360491656534828,-1.3337193498605318,-1.672425638094761,-0.19367325127758328,-0.3260222049084939,2.9436005616839154,0.0029436005616839153,3
split_012_2017-12-28_2020-03-31,without_return_level,return_level,Return-level family,"ret_mean_5, ret_mean_10, ret_mean_20, ret_mean_60",4,0.03739472106099129,0.06125164404511452,0.5634920634920635,0.10865819446658374,0.01531935390084982,0.02025715261697769,2016,252,-0.44654442544012696,0.36447466121583827,-1.4386459181036362,-1.7548335376688018,-0.13747698657851914,-0.2536424812050365,2.6999999999999997,0.0026999999999999997,3
split_012_2017-12-28_2020-03-31,without_volatility,volatility,Volatility family,"ret_std_5, ret_std_10, ret_std_20, ret_std_60",4,0.03775368630886078,0.06458547711372375,0.49603174603174605,-0.06921828490086943,0.014851291663944721,0.0200080256909132,2016,252,-0.5543368474222722,0.4497639978607178,-1.5671097154090168,-1.8954348761842224,-0.18294426626171667,-0.2973297256385269,3.52977399336817,0.00352977399336817,3
split_012_2017-12-28_2020-03-31,without_momentum,momentum,Momentum family,"mom_5, mom_10, mom_20, mom_60",4,0.0640987679362297,0.12207940220832825,0.44047619047619047,-0.017638379960480573,0.017619293183088303,0.02424713596701622,2016,252,-0.590471665314702,0.5242773912950767,-1.4336915885972383,-1.7388456053367731,-0.20003499512561262,-0.3194676628461348,3.5581103488887975,0.0035581103488887974,3
split_012_2017-12-28_2020-03-31,without_macd,macd,MACD family,"macd_12_26, macd_signal_9, macd_hist",3,0.06834302842617035,0.12477394193410873,0.48412698412698413,-0.06551815420722235,0.018141934648156166,0.025029508396983147,2016,252,-0.10115926991328894,0.22777213377571384,-0.3547623983188458,-0.44562688738026884,-0.026310053311668913,-0.15945668681418923,2.486672474235074,0.002486672474235074,3
split_012_2017-12-28_2020-03-31,without_rsi,rsi,RSI family,rsi_14,1,0.058502446860075,0.10445938259363174,0.5317460317460317,0.051765352694814526,0.01812838390469551,0.030331633985042572,2016,252,0.021979837604388708,0.2311860659105557,0.20917170779267544,0.2669192126261742,0.005450239612766694,-0.15425212307658065,1.9846322910496617,0.001984632291049662,3
split_012_2017-12-28_2020-03-31,without_volume,volume,Volume family,"volume, volume_chg, volume_roll_mean_20",3,0.09302883595228195,0.1817474514245987,0.45634920634920634,0.056225649917462685,0.019700204953551292,0.02733992412686348,2016,252,-0.3349946806270879,0.28982914182191377,-1.2624744224774809,-1.5745121655581142,-0.09696147201502192,-0.21602581312657787,3.9333333333333336,0.003933333333333334,3
split_013_2018-04-02_2020-06-30,full,full,Full model,,0,0.1443486511707306,0.18469467759132385,0.5,-0.01818734766784208,0.017939917743206024,0.038495104759931564,2016,252,0.5464260172298672,0.19319449967117605,2.353085558089821,3.8938314551289066,0.11514742766101427,-0.04230949185697208,1.7,0.0017,3
split_013_2018-04-02_2020-06-30,without_return_level,return_level,Return-level family,"ret_mean_5, ret_mean_10, ret_mean_20, ret_mean_60",4,0.06904559582471848,0.08972781151533127,0.4523809523809524,-0.08073143235993364,0.01291233953088522,0.021992238238453865,2016,252,0.5589086655876665,0.20003667993222587,2.3205840185302984,3.268490605915082,0.1173909968463891,-0.06024253306751848,2.8666666666666667,0.0028666666666666667,3
split_013_2018-04-02_2020-06-30,without_volatility,volatility,Volatility family,"ret_std_5, ret_std_10, ret_std_20, ret_std_60",4,0.03166752681136131,0.04299573600292206,0.46825396825396826,-0.03992407046246252,0.013303527608513832,0.022151639685034752,2016,252,0.4925448834472015,0.17854693328287857,2.3333958203892506,3.2606250817203506,0.10530427562776912,-0.060242533067518256,2.466666666666667,0.002466666666666667,3
split_013_2018-04-02_2020-06-30,without_momentum,momentum,Momentum family,"mom_5, mom_10, mom_20, mom_60",4,0.12988168001174927,0.16033446788787842,0.5793650793650794,0.08893607599659863,0.017676938325166702,0.04104408994317055,2016,252,0.5517081254106933,0.24711652236357248,1.902177965414007,2.661063249628907,0.11609845917833228,-0.08463110977700639,2.5331665424944068,0.002533166542494407,3
split_013_2018-04-02_2020-06-30,without_macd,macd,MACD family,"macd_12_26, macd_signal_9, macd_hist",3,0.05645100399851799,0.08295898884534836,0.5158730158730159,0.07809058855403539,0.017364250496029854,0.03655979037284851,2016,252,1.0009125013528783,0.347898961640057,2.1683491979492207,3.216746422538436,0.1893427359386588,-0.09691341168727396,1.879655027896331,0.0018796550278963311,3
split_013_2018-04-02_2020-06-30,without_rsi,rsi,RSI family,rsi_14,1,0.09904072433710098,0.1541258543729782,0.5555555555555556,0.1420874195459963,0.02249312959611416,0.044138677418231964,2016,252,1.0126863648968745,0.33411627990736276,2.261069940289939,3.441122153248505,0.1910884851201482,-0.08422840137709597,1.6365904160324636,0.0016365904160324635,3
split_013_2018-04-02_2020-06-30,without_volume,volume,Volume family,"volume, volume_chg, volume_roll_mean_20",3,0.12821082770824432,0.17228226363658905,0.4722222222222222,-0.03471876108837964,0.03962453082203865,0.07561638206243515,2016,252,0.9550162374894571,0.3370785592436361,2.1578372731754514,3.2278660893099542,0.1824630869136148,-0.08333417363748097,2.266290666974118,0.002266290666974118,3
split_014_2018-06-29_2020-09-29,full,full,Full model,,0,0.017986146733164787,0.02454766258597374,0.5396825396825397,0.12347611092851754,0.023549102246761322,0.04592801257967949,2016,252,0.32724390923659685,0.09057712464125377,3.1718685925694916,5.222992068496088,0.07334091643553453,-0.03376548443914773,2.4,0.0024,3
split_014_2018-06-29_2020-09-29,without_return_level,return_level,Return-level family,"ret_mean_5, ret_mean_10, ret_mean_20, ret_mean_60",4,0.015305612236261368,0.021507710218429565,0.5198412698412699,0.01582437094141303,0.019158784300088882,0.03698500245809555,2016,252,0.3166158953557823,0.16824385223990848,1.7187148573385973,2.541853194430338,0.0711857176337356,-0.07182944440441053,2.1350206864189207,0.002135020686418921,3
split_014_2018-06-29_2020-09-29,without_volatility,volatility,Volatility family,"ret_std_5, ret_std_10, ret_std_20, ret_std_60",4,0.013547752052545547,0.018441909924149513,0.5119047619047619,-0.0015821110334767775,0.01687457785010338,0.0297229066491127,2016,252,0.32084366738857817,0.14004329139816407,2.057143151441229,3.0438665733657317,0.07204460250643208,-0.059472205155818525,2.6988381167818316,0.002698838116781832,3
split_014_2018-06-29_2020-09-29,without_momentum,momentum,Momentum family,"mom_5, mom_10, mom_20, mom_60",4,0.04185125604271889,0.055416129529476166,0.503968253968254,-0.006277341451911061,0.059860192239284515,0.09160337597131729,2016,252,0.3139463969969176,0.09242477602874344,3.0012176366332537,4.801431397983105,0.07064233491971272,-0.03779820178738391,2.7065206511325828,0.0027065206511325828,3
split_014_2018-06-29_2020-09-29,without_macd,macd,MACD family,"macd_12_26, macd_signal_9, macd_hist",3,0.016140161082148552,0.022075604647397995,0.49603174603174605,0.031170032649607986,0.024337271228432655,0.05566840246319771,2016,252,0.4095896073984322,0.12729934215984165,2.761527371358446,3.8896892823298663,0.08961524845647229,-0.06334241681192088,3.0,0.003,3
split_014_2018-06-29_2020-09-29,without_rsi,rsi,RSI family,rsi_14,1,0.017603974789381027,0.02795995958149433,0.5476190476190477,0.15384536730123916,0.026699868962168694,0.06735098361968994,2016,252,0.1847570491260595,0.15287309283215902,1.1848594978958131,1.6619746859108815,0.04329547880809592,-0.07494729262400546,3.5576182573933983,0.0035576182573933985,3
split_014_2018-06-29_2020-09-29,without_volume,volume,Volume family,"volume, volume_chg, volume_roll_mean_20",3,0.024204950779676437,0.03289284184575081,0.5079365079365079,0.08415861102468608,0.0319858193397522,0.06889205425977707,2016,252,0.30781651095485985,0.10510687470368853,2.6062272170015186,4.311910489656784,0.06939144133730202,-0.029261602829168565,2.2333333333333334,0.0022333333333333333,3
split_015_2018-09-28_2020-12-29,full,full,Full model,,0,0.0241008922457695,0.032569266855716705,0.4246031746031746,-0.08638618949382607,0.019310731440782547,0.02857402339577675,2016,252,0.5965217509450256,0.1225763069741547,3.880498139283638,6.342707591811763,0.12407091296264428,-0.05334294629861236,3.666666666666667,0.003666666666666667,3
split_015_2018-09-28_2020-12-29,without_return_level,return_level,Return-level family,"ret_mean_5, ret_mean_10, ret_mean_20, ret_mean_60",4,0.016247477382421494,0.023133233189582825,0.5436507936507936,0.11672360354082213,0.014833210967481136,0.023051578551530838,2016,252,0.23206090002272806,0.1342608787873976,1.6213567143588494,2.2499279969440615,0.05355701661461665,-0.08383056143569656,3.4,0.0034,3
split_015_2018-09-28_2020-12-29,without_volatility,volatility,Volatility family,"ret_std_5, ret_std_10, ret_std_20, ret_std_60",4,0.02161109261214733,0.02920934557914734,0.4801587301587302,-0.03891701884550274,0.01705833151936531,0.02687273733317852,2016,252,0.3981639647311943,0.13829192021784778,2.493448180939351,3.654749595932677,0.08740049455804866,-0.07868490779503234,3.277269202317347,0.003277269202317347,3
split_015_2018-09-28_2020-12-29,without_momentum,momentum,Momentum family,"mom_5, mom_10, mom_20, mom_60",4,0.016857832670211792,0.021451037377119064,0.49206349206349204,-0.012593659862535899,0.01754976063966751,0.027273068204522133,2016,252,0.37122351793194075,0.14298671973522795,2.2798114874087063,3.4252254373013136,0.08212408502303603,-0.0764211419199532,3.4942126160225886,0.003494212616022589,3
split_015_2018-09-28_2020-12-29,without_macd,macd,MACD family,"macd_12_26, macd_signal_9, macd_hist",3,0.017001722007989883,0.021934298798441887,0.5357142857142857,-0.03406826077211716,0.017719224095344543,0.025840934365987778,2016,252,0.8935593509260973,0.1636004506969928,3.9880379295989914,6.5393384882839785,0.1730586613622107,-0.07162091786727942,2.2224392285307433,0.0022224392285307435,3
split_015_2018-09-28_2020-12-29,without_rsi,rsi,RSI family,rsi_14,1,0.017809368669986725,0.025314731523394585,0.5595238095238095,-0.05879488985769734,0.016348067671060562,0.025715921074151993,2016,252,1.0069337903698061,0.16167121345491794,4.394337139546711,7.380038825959135,0.19023649179481938,-0.07040857033861947,3.219192112832438,0.0032191921128324383,3
split_015_2018-09-28_2020-12-29,without_volume,volume,Volume family,"volume, volume_chg, volume_roll_mean_20",3,0.021482964977622032,0.028674544766545296,0.5079365079365079,-0.033056607356072125,0.019912997260689735,0.029887933284044266,2016,252,0.988651945110641,0.1669770525465481,4.204821351045188,7.088903993023619,0.18751661530856056,-0.06872747137006208,2.5937809154040115,0.0025937809154040117,3
split_016_2018-12-31_2021-03-31,full,full,Full model,,0,0.023264355957508087,0.03114761970937252,0.5079365079365079,0.058565270106590336,0.025365343317389488,0.04059996455907822,2016,252,0.09843516537792274,0.15017788270745194,0.6992844203253715,0.9862597546870482,0.023749274497137263,-0.06766799579969951,3.3210146970238172,0.0033210146970238173,3
split_016_2018-12-31_2021-03-31,without_return_level,return_level,Return-level family,"ret_mean_5, ret_mean_10, ret_mean_20, ret_mean_60",4,0.013692120090126991,0.018022459000349045,0.5476190476190477,0.19584319245161916,0.014352957718074322,0.021153677254915237,2016,252,0.1592403944647771,0.1375349183673839,1.1425887751365036,1.58076478548764,0.037632047337318175,-0.03936434653607368,2.6162650809729593,0.0026162650809729592,3
split_016_2018-12-31_2021-03-31,without_volatility,volatility,Volatility family,"ret_std_5, ret_std_10, ret_std_20, ret_std_60",4,0.014217674732208252,0.0193718783557415,0.503968253968254,0.04168704409295739,0.015333805233240128,0.023125017061829567,2016,252,0.3591583020275382,0.18910011325594028,1.716912525587981,2.517141034126945,0.0797358232860943,-0.06546847526264221,3.3999999999999995,0.0033999999999999994,3
split_016_2018-12-31_2021-03-31,without_momentum,momentum,Momentum family,"mom_5, mom_10, mom_20, mom_60",4,0.015219349414110184,0.02042236365377903,0.48412698412698413,0.04985829651004447,0.016663316637277603,0.02477226033806801,2016,252,-0.04097267598353527,0.1494648227540752,-0.20610688408196717,-0.27123889705296816,-0.01040442367347083,-0.06893933959225029,3.1386271003907846,0.003138627100390785,3
split_016_2018-12-31_2021-03-31,without_macd,macd,MACD family,"macd_12_26, macd_signal_9, macd_hist",3,0.016906343400478363,0.022707443684339523,0.5277777777777778,0.06529268817324982,0.017232762649655342,0.025514943525195122,2016,252,-0.07098964308446276,0.09978940479431854,-0.6886203789435048,-0.9250689962545289,-0.01824044008391268,-0.0444772044712789,3.142523769423269,0.003142523769423269,3
split_016_2018-12-31_2021-03-31,without_rsi,rsi,RSI family,rsi_14,1,0.02272479049861431,0.03233727440237999,0.5119047619047619,0.05257163144152742,0.016246197745203972,0.025819173082709312,2016,252,0.22455775088264107,0.15292396486011106,1.4005170700824832,2.0664032816393445,0.051949321610861965,-0.04295427505686433,2.988018413542135,0.0029880184135421353,3
split_016_2018-12-31_2021-03-31,without_volume,volume,Volume family,"volume, volume_chg, volume_roll_mean_20",3,0.02344391867518425,0.02925984375178814,0.4444444444444444,-0.09997852586146887,0.020430970937013626,0.030339272692799568,2016,252,-0.12395128900117425,0.10375546934486125,-1.2238466922564788,-1.5067296825870047,-0.032542125754028595,-0.06511290869064967,1.935943195445263,0.0019359431954452631,3
split_017_2019-04-02_2021-06-30,full,full,Full model,,0,0.01712496392428875,0.022600194439291954,0.5476190476190477,-0.03972653429749482,0.022235481068491936,0.032507725059986115,2016,252,0.2852436309588924,0.08299925669665954,3.0657745079463448,5.427243356777189,0.06474685291464688,-0.029268268344386228,2.349975812169442,0.002349975812169442,3
split_017_2019-04-02_2021-06-30,without_return_level,return_level,Return-level family,"ret_mean_5, ret_mean_10, ret_mean_20, ret_mean_60",4,0.011738493107259274,0.015345416963100433,0.4801587301587302,-0.0630096992088214,0.015284430235624313,0.027455616742372513,2016,252,0.26046825898759596,0.13167993857485336,1.8236574066082407,2.6595378827626512,0.05957811216914921,-0.05179039392267504,3.3262959093429254,0.0033262959093429256,3
split_017_2019-04-02_2021-06-30,without_volatility,volatility,Volatility family,"ret_std_5, ret_std_10, ret_std_20, ret_std_60",4,0.012825333513319492,0.016492120921611786,0.4603174603174603,-0.0965475007522381,0.016404131427407265,0.028646964579820633,2016,252,0.23955369433601792,0.10604317424519306,2.0781793907150847,3.2121306257470557,0.05515518165428457,-0.034626897369423704,3.308976302362373,0.003308976302362373,3
split_017_2019-04-02_2021-06-30,without_momentum,momentum,Momentum family,"mom_5, mom_10, mom_20, mom_60",4,0.011972839944064617,0.01552539225667715,0.5238095238095238,-0.03695168071106874,0.017745990306138992,0.0292830690741539,2016,252,0.26541841172638847,0.08757938124365966,2.7321918121551088,4.5097239195204155,0.06061688617632899,-0.029268268344386117,2.8666666666666667,0.0028666666666666667,3
split_017_2019-04-02_2021-06-30,without_macd,macd,MACD family,"macd_12_26, macd_signal_9, macd_hist",3,0.014114298857748508,0.018012838438153267,0.5,0.02953889686761279,0.018743598833680153,0.026913674548268318,2016,252,0.3645918676594764,0.12201745597614036,2.6092937250652586,3.972861797455841,0.08081333586299366,-0.043530080474706634,3.768516993855447,0.0037685169938554467,3
split_017_2019-04-02_2021-06-30,without_rsi,rsi,RSI family,rsi_14,1,0.01204694900661707,0.01636267639696598,0.4880952380952381,0.008285930446349512,0.018929721787571907,0.03343304246664047,2016,252,0.18726515580164738,0.0953245809290709,1.8482197979382835,2.9104165200431016,0.043847199856843266,-0.029781371832954817,2.149910426335562,0.002149910426335562,3
split_017_2019-04-02_2021-06-30,without_volume,volume,Volume family,"volume, volume_chg, volume_roll_mean_20",3,0.015456145629286766,0.019623255357146263,0.5119047619047619,0.07351365839582925,0.02278783917427063,0.033235952258110046,2016,252,0.3009180795453339,0.12037206840730949,2.2459374594045642,3.3887484784320776,0.06797844479965254,-0.0496677833171385,3.666666666666667,0.003666666666666667,3
split_018_2019-07-02_2021-09-29,full,full,Full model,,0,0.03139815106987953,0.03967323526740074,0.4642857142857143,0.007928751843605478,0.040203798562288284,0.05990136042237282,2016,252,0.03557350261747971,0.11505152872140434,0.360523007204242,0.5113522809733676,0.008777140697308283,-0.04572563129134766,2.3400927119518102,0.0023400927119518102,3
split_018_2019-07-02_2021-09-29,without_return_level,return_level,Return-level family,"ret_mean_5, ret_mean_10, ret_mean_20, ret_mean_60",4,0.01162472553551197,0.01539605576545,0.5277777777777778,-0.06834127898301769,0.014553973451256752,0.021069927141070366,2016,252,-0.0869941074339452,0.1333241926997615,-0.6170094829373465,-0.8982276223901874,-0.022496333353324793,-0.05043104462814196,2.3926969327461634,0.0023926969327461634,3
split_018_2019-07-02_2021-09-29,without_volatility,volatility,Volatility family,"ret_std_5, ret_std_10, ret_std_20, ret_std_60",4,0.012172278948128223,0.01587284542620182,0.49206349206349204,-0.11353161682853992,0.015674112364649773,0.02260291576385498,2016,252,-0.08050465276195806,0.1262904446816728,-0.6023690911087675,-0.8473829957857869,-0.020763971179757035,-0.056563481024866635,2.8666666666666663,0.0028666666666666662,3
split_018_2019-07-02_2021-09-29,without_momentum,momentum,Momentum family,"mom_5, mom_10, mom_20, mom_60",4,0.013213912956416607,0.016889911144971848,0.4880952380952381,-0.14188982354235485,0.017831705510616302,0.026284990832209587,2016,252,-0.013127098102631019,0.10645108248559172,-0.07168004514345633,-0.09886516375031922,-0.00329805442625819,-0.039509319975361,2.3515869351297205,0.0023515869351297207,3
split_018_2019-07-02_2021-09-29,without_macd,macd,MACD family,"macd_12_26, macd_signal_9, macd_hist",3,0.014030777849256992,0.017812244594097137,0.46825396825396826,-0.06704652372155222,0.01908271014690399,0.028007429093122482,2016,252,-0.03272061785410374,0.09963481595953548,-0.2847078250169127,-0.37775213376460154,-0.008282486847378867,-0.04258843327861628,2.0,0.002,3
split_018_2019-07-02_2021-09-29,without_rsi,rsi,RSI family,rsi_14,1,0.01416544709354639,0.019242089241743088,0.4642857142857143,-0.025595660623128524,0.0187554731965065,0.03067808225750923,2016,252,-0.01899204310064062,0.12481691051735334,-0.09217382987002258,-0.1306613272134338,-0.004782205777443038,-0.041148035308048,3.9333333333333336,0.003933333333333334,3
split_018_2019-07-02_2021-09-29,without_volume,volume,Volume family,"volume, volume_chg, volume_roll_mean_20",3,0.015837278217077255,0.022352231666445732,0.5793650793650794,0.12100537697038476,0.02212868072092533,0.03337301313877106,2016,252,-0.06715450726418715,0.09521061922206824,-0.68302034011281,-0.8819258644319952,-0.017228781158903583,-0.041148035308048,3.166666666666667,0.003166666666666667,3
split_019_2019-10-01_2021-12-29,full,full,Full model,,0,0.03915034234523773,0.05024130269885063,0.4722222222222222,0.015254459237789307,0.03786403313279152,0.05317562073469162,2016,252,0.26545475249255546,0.11509966138743732,2.102997219342747,3.3484914044824405,0.06062450089388238,-0.047360610327481845,2.485919371983254,0.002485919371983254,3
split_019_2019-10-01_2021-12-29,without_return_level,return_level,Return-level family,"ret_mean_5, ret_mean_10, ret_mean_20, ret_mean_60",4,0.01193662453442812,0.015194392763078213,0.5,0.08415003517786208,0.013736090622842312,0.019890889525413513,2016,252,0.30996112979298784,0.09934345375654341,2.7680728530958922,4.790948140601102,0.06982958155550256,-0.022268841858085753,4.217904184664185,0.004217904184664186,3
split_019_2019-10-01_2021-12-29,without_volatility,volatility,Volatility family,"ret_std_5, ret_std_10, ret_std_20, ret_std_60",4,0.013454914093017578,0.017504824325442314,0.503968253968254,0.05428852806108864,0.015103092417120934,0.021901477128267288,2016,252,0.21731412232933178,0.09906673703532914,2.034493844289262,3.2004506001621484,0.050390209449795664,-0.03186201273751721,2.835988806240063,0.002835988806240063,3
split_019_2019-10-01_2021-12-29,without_momentum,momentum,Momentum family,"mom_5, mom_10, mom_20, mom_60",4,0.014021260663866997,0.017754875123500824,0.5357142857142857,0.17123744514103792,0.01736638695001602,0.0258003119379282,2016,252,0.20257546696473927,0.10857128501850068,1.7530548503782004,2.6704627668688623,0.04719626594408832,-0.041811223626378125,3.0,0.003,3
split_019_2019-10-01_2021-12-29,without_macd,macd,MACD family,"macd_12_26, macd_signal_9, macd_hist",3,0.016689548268914223,0.021469367668032646,0.49206349206349204,0.05572377887184301,0.018968146294355392,0.028259918093681335,2016,252,0.09394244982198763,0.10134206596498685,0.9361397170462767,1.3138493408967138,0.022700854470097287,-0.03580578877058471,3.9333333333333336,0.003933333333333334,3
split_019_2019-10-01_2021-12-29,without_rsi,rsi,RSI family,rsi_14,1,0.01512089278548956,0.020639289170503616,0.5357142857142857,0.10204239046892594,0.018048007041215897,0.029800623655319214,2016,252,0.17783989393367317,0.13061611130419667,1.3180430114542139,1.8963167359856674,0.04176932392337074,-0.06999008784708316,2.9736333803818153,0.0029736333803818153,3
split_019_2019-10-01_2021-12-29,without_volume,volume,Volume family,"volume, volume_chg, volume_roll_mean_20",3,0.02385174296796322,0.03309808298945427,0.5158730158730159,-0.08779733561013568,0.02264827862381935,0.035613492131233215,2016,252,0.04403354864628195,0.13430354886869245,0.386945410800334,0.565135033373415,0.010831142604882382,-0.07112097803386697,3.1333333333333333,0.0031333333333333335,3
split_020_2019-12-31_2022-03-30,full,full,Full model,,0,0.023149902001023293,0.03228352591395378,0.5119047619047619,-0.02721479615815477,0.01848616451025009,0.02806139551103115,2016,252,-0.02903493343079966,0.17080221718825747,-0.08863100991277446,-0.13006489310581376,-0.0073391330879212235,-0.10491748056920225,2.3044932430822147,0.002304493243082215,3
split_020_2019-12-31_2022-03-30,without_return_level,return_level,Return-level family,"ret_mean_5, ret_mean_10, ret_mean_20, ret_mean_60",4,0.016611477360129356,0.02179199643433094,0.47619047619047616,-0.01824649229738452,0.014106474816799164,0.020121462643146515,2016,252,-0.25876281785745936,0.1695596787503081,-1.6814919957612837,-2.2394818341848723,-0.07212537274150432,-0.11172563796055834,4.466666666666667,0.0044666666666666665,3
split_020_2019-12-31_2022-03-30,without_volatility,volatility,Volatility family,"ret_std_5, ret_std_10, ret_std_20, ret_std_60",4,0.01761915534734726,0.02219642698764801,0.4642857142857143,-0.018392193793267002,0.015386132523417473,0.02185066230595112,2016,252,-0.2798695691521548,0.16762829203552526,-1.8749668530479007,-2.533384673506251,-0.07880241475697203,-0.1167941555533869,3.630044820819039,0.003630044820819039,3
split_020_2019-12-31_2022-03-30,without_momentum,momentum,Momentum family,"mom_5, mom_10, mom_20, mom_60",4,0.01749251037836075,0.022612348198890686,0.5238095238095238,0.06839799143227762,0.017528541386127472,0.02591802179813385,2016,252,-0.34397490438734035,0.1628294719882451,-2.506585023961641,-3.1823243233872054,-0.1000256884754398,-0.13583681384319324,3.0,0.003,3
split_020_2019-12-31_2022-03-30,without_macd,macd,MACD family,"macd_12_26, macd_signal_9, macd_hist",3,0.023049551993608475,0.031231997534632683,0.5079365079365079,-0.10170633890496014,0.018916385248303413,0.02829909883439541,2016,252,-0.1733983433437396,0.14338673489525586,-1.2571362434583977,-1.7589163822231215,-0.046492600086282976,-0.10562108103650314,2.6333333333333333,0.0026333333333333334,3
split_020_2019-12-31_2022-03-30,without_rsi,rsi,RSI family,rsi_14,1,0.02504662424325943,0.03267877548933029,0.45634920634920634,0.00409358285457953,0.019528275355696678,0.030828597024083138,2016,252,-0.10624019261231143,0.21139211950287332,-0.4273975744489146,-0.6281252844439473,-0.027688986468762167,-0.11204849448771625,2.503034190929757,0.0025030341909297567,3
split_020_2019-12-31_2022-03-30,without_volume,volume,Volume family,"volume, volume_chg, volume_roll_mean_20",3,0.030788583680987358,0.03994715213775635,0.49206349206349204,0.01705975373208197,0.023183489218354225,0.035467974841594696,2016,252,-0.04803470204847149,0.19013979069834389,-0.16548602282064828,-0.24638731519115464,-0.012231256728630124,-0.09490754031794968,3.6063232789177775,0.0036063232789177776,3
split_021_2020-04-01_2022-06-30,full,full,Full model,,0,0.05549408122897148,0.06979124248027802,0.4365079365079365,-0.09296965203318189,0.031203359365463257,0.042863983660936356,2016,252,-0.5317901099454898,0.249828732798012,-2.9092119372005976,-3.4910774157653957,-0.17280072373114885,-0.19601765911394142,2.738591382462202,0.002738591382462202,3
split_021_2020-04-01_2022-06-30,without_return_level,return_level,Return-level family,"ret_mean_5, ret_mean_10, ret_mean_20, ret_mean_60",4,0.02272200956940651,0.02968708612024784,0.45634920634920634,0.16602294316040758,0.013736429624259472,0.018363330513238907,2016,252,-0.3987975353180294,0.19717930728999486,-2.4803430410658738,-3.000240505975902,-0.11944763451888663,-0.15007762231413657,2.466666666666667,0.002466666666666667,3
split_021_2020-04-01_2022-06-30,without_volatility,volatility,Volatility family,"ret_std_5, ret_std_10, ret_std_20, ret_std_60",4,0.01998371258378029,0.02559608407318592,0.49206349206349204,0.04509387147617117,0.015008277259767056,0.020343007519841194,2016,252,-0.45665935865366036,0.21459181153587326,-2.732989356049242,-3.240808610013466,-0.14144514632837402,-0.16497483839132177,3.4000000000000004,0.0034000000000000002,3
split_021_2020-04-01_2022-06-30,without_momentum,momentum,Momentum family,"mom_5, mom_10, mom_20, mom_60",4,0.024457894265651703,0.033552125096321106,0.5357142857142857,0.02944664890047889,0.016057221218943596,0.0223664753139019,2016,252,-0.49598026825285535,0.2183057064230653,-3.026138615799618,-3.590517563088605,-0.15741856725240932,-0.17937570410550696,2.4,0.0024,3
split_021_2020-04-01_2022-06-30,without_macd,macd,MACD family,"macd_12_26, macd_signal_9, macd_hist",3,0.03024103492498398,0.040185876190662384,0.5158730158730159,-0.04471483414089042,0.01822603866457939,0.025467844679951668,2016,252,-0.5455174745529301,0.24240713922412915,-3.1280746741443144,-3.7054613053981957,-0.17893167678966593,-0.19828087193657162,2.7,0.0027,3
split_021_2020-04-01_2022-06-30,without_rsi,rsi,RSI family,rsi_14,1,0.03580735623836517,0.04866179823875427,0.5238095238095238,-0.021990583514843023,0.017533261328935623,0.025263844057917595,2016,252,-0.5195352296535838,0.2251650478056334,-3.139385816423669,-3.7703830040452,-0.16744029584755316,-0.18524282996336872,2.7,0.0027,3
split_021_2020-04-01_2022-06-30,without_volume,volume,Volume family,"volume, volume_chg, volume_roll_mean_20",3,0.04184971749782562,0.05774928256869316,0.5396825396825397,0.06385744831533224,0.01991083100438118,0.02907640114426613,2016,252,-0.5340571716611637,0.24930407515200617,-2.935463479317738,-3.6154164615384916,-0.1738038670765003,-0.19072054491353763,3.666666666666667,0.003666666666666667,3
split_022_2020-07-01_2022-09-29,full,full,Full model,,0,0.038635071367025375,0.05083825811743736,0.47619047619047616,-0.08592704956715186,0.02687590755522251,0.038375891745090485,2016,252,-0.3026519818511384,0.18237531641500004,-1.8851145963923572,-2.4380188370376796,-0.08617635163386939,-0.14323411944578057,3.2430441531869136,0.0032430441531869137,3
split_022_2020-07-01_2022-09-29,without_return_level,return_level,Return-level family,"ret_mean_5, ret_mean_10, ret_mean_20, ret_mean_60",4,0.021900057792663574,0.02984117530286312,0.5,0.0409227139916239,0.014415783807635307,0.01962898299098015,2016,252,-0.12447140383933775,0.20739498651881075,-0.5388284987156549,-0.7795058373588486,-0.03268575397298212,-0.16604589575770523,2.0,0.002,3
split_022_2020-07-01_2022-09-29,without_volatility,volatility,Volatility family,"ret_std_5, ret_std_10, ret_std_20, ret_std_60",4,0.02042878419160843,0.026545913890004158,0.4603174603174603,-0.06146735283468014,0.015128509141504765,0.02001115120947361,2016,252,-0.2198356988633685,0.19302961931516158,-1.1899540758965057,-1.5202655467458508,-0.06017602768560815,-0.1604685552316405,3.826736728881471,0.003826736728881471,3
split_022_2020-07-01_2022-09-29,without_momentum,momentum,Momentum family,"mom_5, mom_10, mom_20, mom_60",4,0.030303362756967545,0.03998503461480141,0.43253968253968256,-0.1348738860651745,0.01637016236782074,0.02272571064531803,2016,252,-0.25683760802631117,0.19372089501359085,-1.4357380732635097,-1.8794734173410428,-0.0715234682000252,-0.15340916006131644,2.9827890014145955,0.0029827890014145955,3
split_022_2020-07-01_2022-09-29,without_macd,macd,MACD family,"macd_12_26, macd_signal_9, macd_hist",3,0.02470307983458042,0.032518867403268814,0.49603174603174605,0.01823359949244665,0.017782161012291908,0.024852825328707695,2016,252,-0.20110969047177985,0.18455895024783,-1.1249697963035916,-1.4923955481188094,-0.05458652437180689,-0.1556765534355513,3.294349234307988,0.003294349234307988,3
split_022_2020-07-01_2022-09-29,without_rsi,rsi,RSI family,rsi_14,1,0.02831507846713066,0.037043455988168716,0.49603174603174605,-0.04389729840671138,0.018198374658823013,0.02678413689136505,2016,252,-0.18837863467433946,0.1886644542954516,-1.0127213773525066,-1.3357047473089267,-0.05084231646896675,-0.15858414749566496,3.2689074205001334,0.0032689074205001336,3
split_022_2020-07-01_2022-09-29,without_volume,volume,Volume family,"volume, volume_chg, volume_roll_mean_20",3,0.03541082888841629,0.04712756350636482,0.5555555555555556,0.06623603811814353,0.022081226110458374,0.033125873655080795,2016,252,-0.20049559707714226,0.18579466695154676,-1.1123283473877184,-1.5108971117318406,-0.054404895903799155,-0.16464441354557824,3.1703529464114926,0.0031703529464114926,3
split_023_2020-09-30_2022-12-29,full,full,Full model,,0,0.05810244008898735,0.07625748217105865,0.5,-0.09690701314366895,0.03875995799899101,0.05241136625409126,2016,252,0.14832058127766934,0.20347940413406387,0.779207634059031,1.3243666752252186,0.03517979615730904,-0.06444218214331476,4.046529931172508,0.004046529931172507,3
split_023_2020-09-30_2022-12-29,without_return_level,return_level,Return-level family,"ret_mean_5, ret_mean_10, ret_mean_20, ret_mean_60",4,0.019529055804014206,0.02536051906645298,0.47619047619047616,0.0472100701056421,0.013441216200590134,0.01803494431078434,2016,252,0.749847617769821,0.21480925937764558,2.71231073952422,5.377070561845769,0.15013827829923754,-0.05999578103464864,2.2597347139858943,0.0022597347139858945,3
split_023_2020-09-30_2022-12-29,without_volatility,volatility,Volatility family,"ret_std_5, ret_std_10, ret_std_20, ret_std_60",4,0.019723769277334213,0.025661585852503777,0.4801587301587302,0.007310847015037648,0.014804093167185783,0.019345492124557495,2016,252,0.5454252429209567,0.2119815598260824,2.158591673543087,4.166671165707991,0.11496696609636525,-0.05886880390654026,3.0916878199603435,0.0030916878199603436,3
split_023_2020-09-30_2022-12-29,without_momentum,momentum,Momentum family,"mom_5, mom_10, mom_20, mom_60",4,0.028886763378977776,0.036954984068870544,0.503968253968254,0.05444344622340168,0.017986146733164787,0.024682356044650078,2016,252,0.6473762812045352,0.22565578685316953,2.3241547864805656,4.505071315512233,0.13291728312099704,-0.0573598648987339,1.9491211100450678,0.001949121110045068,3
split_023_2020-09-30_2022-12-29,without_macd,macd,MACD family,"macd_12_26, macd_signal_9, macd_hist",3,0.028447140008211136,0.037057578563690186,0.5198412698412699,-0.00764550207117389,0.016214748844504356,0.02201044373214245,2016,252,-0.09544142420050106,0.21360012632149128,-0.36543441796267234,-0.5774566722242976,-0.024765236563450532,-0.07911779803098906,4.2,0.004200000000000001,3
split_023_2020-09-30_2022-12-29,without_rsi,rsi,RSI family,rsi_14,1,0.025883425027132034,0.03422808274626732,0.5952380952380952,0.057675228562421126,0.016582855954766273,0.023045465350151062,2016,252,0.38737918817313277,0.22988062361381148,1.5373706353829029,2.6825808568576544,0.08529747814049538,-0.08001370323771617,2.7,0.0027,3
split_023_2020-09-30_2022-12-29,without_volume,volume,Volume family,"volume, volume_chg, volume_roll_mean_20",3,0.030675752088427544,0.038999348878860474,0.5873015873015873,0.08104997680672599,0.018983079120516777,0.026298342272639275,2016,252,0.3272201918121658,0.24490561253634716,1.276040612288378,2.17166778267848,0.07333612133862566,-0.07603533058286172,2.840545752936559,0.002840545752936559,3
split_024_2020-12-30_2023-03-31,full,full,Full model,,0,0.04359335079789162,0.053680505603551865,0.5515873015873016,-0.01804751172014789,0.043252114206552505,0.05735002085566521,2016,252,0.17200441663324284,0.14377977560735988,1.1749849011455964,1.7326371994159362,0.040476586984421914,-0.09180585186022117,1.9372146426376244,0.0019372146426376246,3
split_024_2020-12-30_2023-03-31,without_return_level,return_level,Return-level family,"ret_mean_5, ret_mean_10, ret_mean_20, ret_mean_60",4,0.012957612052559853,0.01691083051264286,0.5634920634920635,0.03991214516449345,0.013743183575570583,0.018251966685056686,2016,252,0.4195219161453789,0.12263546560176408,2.91877286951623,5.075586592427579,0.0915296204706515,-0.04490838303331235,2.6,0.0026000000000000003,3
split_024_2020-12-30_2023-03-31,without_volatility,volatility,Volatility family,"ret_std_5, ret_std_10, ret_std_20, ret_std_60",4,0.015862001106142998,0.019761381670832634,0.4880952380952381,0.04830208638019294,0.014850777573883533,0.019410938024520874,2016,252,0.27769799085897273,0.12781224862933224,1.9810543266408878,3.1752246232947394,0.06318062348398068,-0.05788097917726431,2.7414233905990266,0.002741423390599027,3
split_024_2020-12-30_2023-03-31,without_momentum,momentum,Momentum family,"mom_5, mom_10, mom_20, mom_60",4,0.018998632207512856,0.02558205835521221,0.49603174603174605,-0.023330424226486967,0.01761675998568535,0.023546867072582245,2016,252,0.31612672229551353,0.13057622066394095,2.1689647911789054,3.585941526248619,0.07108620717288905,-0.06576968285554519,3.0,0.003,3
split_024_2020-12-30_2023-03-31,without_macd,macd,MACD family,"macd_12_26, macd_signal_9, macd_hist",3,0.014057040214538574,0.018035205081105232,0.5476190476190477,0.06986042016369183,0.016672631725668907,0.02260511741042137,2016,252,0.23313464307290666,0.12822101659255974,1.6980263810325582,2.7258545527161613,0.053786485792075345,-0.06413346191050462,1.6223368021634037,0.0016223368021634037,3
split_024_2020-12-30_2023-03-31,without_rsi,rsi,RSI family,rsi_14,1,0.01805860362946987,0.022690093144774437,0.44841269841269843,-0.0129781060862153,0.017583241686224937,0.023932546377182007,2016,252,0.20351692383929332,0.1483069965012447,1.3225951100238444,1.9537322213761648,0.04740115970125247,-0.08769732233746619,3.540245940109319,0.003540245940109319,3
split_024_2020-12-30_2023-03-31,without_volume,volume,Volume family,"volume, volume_chg, volume_roll_mean_20",3,0.016720280051231384,0.021918626502156258,0.49206349206349204,-0.011676698541227212,0.01918434165418148,0.025922419503331184,2016,252,0.18004681032776504,0.1289888753553159,1.3472363761199213,2.1833857645262804,0.042256971723452,-0.06949879917759316,2.4790810858835632,0.0024790810858835634,3
split_025_2021-04-01_2023-07-03,full,full,Full model,,0,0.04998163506388664,0.0618399977684021,0.4642857142857143,-0.08936566013524659,0.05259077996015549,0.06670789420604706,2016,252,-0.0060674652882992675,0.09160822607718314,-0.021369812404368253,-0.03075895814975623,-0.0015203299138858428,-0.04300205359902842,2.635349267423236,0.0026353492674232363,3
split_025_2021-04-01_2023-07-03,without_return_level,return_level,Return-level family,"ret_mean_5, ret_mean_10, ret_mean_20, ret_mean_60",4,0.010687371715903282,0.01419578306376934,0.49603174603174605,-0.026898991755133793,0.013335193507373333,0.017390742897987366,2016,252,0.04715422726295171,0.12635769478820597,0.4268888980500879,0.6175036945352542,0.011585656059208915,-0.037415577679084766,2.733333333333334,0.0027333333333333337,3
split_025_2021-04-01_2023-07-03,without_volatility,volatility,Volatility family,"ret_std_5, ret_std_10, ret_std_20, ret_std_60",4,0.012966125272214413,0.017311468720436096,0.5079365079365079,-0.02937284451645904,0.01482391357421875,0.019042184576392174,2016,252,0.19500340795909543,0.1065149459602347,1.7254108693274297,2.912081126026403,0.045543932227082085,-0.021776987053130803,2.9943383649375086,0.0029943383649375086,3
split_025_2021-04-01_2023-07-03,without_momentum,momentum,Momentum family,"mom_5, mom_10, mom_20, mom_60",4,0.015420428477227688,0.020601170137524605,0.5277777777777778,-0.07622659735341454,0.018395842984318733,0.024978000670671463,2016,252,0.13590442279764714,0.09709689419115307,1.3604348789371041,2.190460506724126,0.0323701708973978,-0.042699827100325494,3.4000000000000004,0.0034000000000000002,3
split_025_2021-04-01_2023-07-03,without_macd,macd,MACD family,"macd_12_26, macd_signal_9, macd_hist",3,0.014225149527192116,0.018132256343960762,0.5198412698412699,0.04779560771468838,0.017782486975193024,0.02349906787276268,2016,252,0.119852383469079,0.103894851712414,1.1409363985918148,1.6651018365119443,0.028703446029161972,-0.039605926734034624,3.386321210760536,0.003386321210760536,3
split_025_2021-04-01_2023-07-03,without_rsi,rsi,RSI family,rsi_14,1,0.014521734789013863,0.01957455463707447,0.48412698412698413,0.06147513683596612,0.01856236904859543,0.024905258789658546,2016,252,0.050967347374552885,0.10077124146110529,0.5429507754198901,0.7927839222074828,0.012505301278629588,-0.05029637970805101,2.7333333333333334,0.0027333333333333333,3
split_025_2021-04-01_2023-07-03,without_volume,volume,Volume family,"volume, volume_chg, volume_roll_mean_20",3,0.013921599835157394,0.018276607617735863,0.5079365079365079,0.04812314033633237,0.01937835104763508,0.025603890419006348,2016,252,-0.005407079991637476,0.09758206614201795,-0.007541290452190025,-0.010696864110136034,-0.0013545195985966707,-0.04926743843364012,3.004313716148497,0.003004313716148497,3
split_026_2021-07-01_2023-10-02,full,full,Full model,,0,0.029542166739702225,0.03695935010910034,0.5158730158730159,0.0595867458550439,0.027169274166226387,0.03486338630318642,2016,252,-0.3521948720035084,0.12077836242379009,-3.53210396611824,-4.244288008613916,-0.10285819295268073,-0.11805770171168473,3.2019640242627485,0.0032019640242627488,3
split_026_2021-07-01_2023-10-02,without_return_level,return_level,Return-level family,"ret_mean_5, ret_mean_10, ret_mean_20, ret_mean_60",4,0.010789748281240463,0.014298973605036736,0.5476190476190477,0.023355391608966748,0.012856443412601948,0.016701236367225647,2016,252,-0.3220544489061117,0.12774706910797687,-2.977345975312315,-3.64664546548054,-0.09260014867262911,-0.11567685279470175,2.7822446166863326,0.0027822446166863328,3
split_026_2021-07-01_2023-10-02,without_volatility,volatility,Volatility family,"ret_std_5, ret_std_10, ret_std_20, ret_std_60",4,0.011788441799581051,0.01489288080483675,0.49206349206349204,0.014393176396034876,0.014229469001293182,0.018235690891742706,2016,252,-0.30331594640193327,0.1289019823525049,-2.7382524928981424,-3.3175560046002297,-0.08639394860497185,-0.11909533375107073,3.207058529789486,0.003207058529789486,3
split_026_2021-07-01_2023-10-02,without_momentum,momentum,Momentum family,"mom_5, mom_10, mom_20, mom_60",4,0.013455253094434738,0.01704510860145092,0.5396825396825397,0.08529358040904474,0.016214249655604362,0.02092980407178402,2016,252,-0.42201618097267635,0.12237984225640831,-4.414302373513852,-4.983019706457786,-0.12807542150547924,-0.14043086646871727,3.4000000000000004,0.0034000000000000002,3
split_026_2021-07-01_2023-10-02,without_macd,macd,MACD family,"macd_12_26, macd_signal_9, macd_hist",3,0.01447383314371109,0.018175974488258362,0.4880952380952381,0.01896184453913534,0.017817163839936256,0.023322060704231262,2016,252,-0.259116141363426,0.1136289861961455,-2.58180454261203,-3.18324356252522,-0.07223596437872226,-0.0956571564895119,2.3703335084079726,0.0023703335084079725,3
split_026_2021-07-01_2023-10-02,without_rsi,rsi,RSI family,rsi_14,1,0.016338104382157326,0.020922105759382248,0.503968253968254,0.03663471338470942,0.019533924758434296,0.025547733530402184,2016,252,-0.3170079240605074,0.11301502575438553,-3.315309138927029,-3.887659976491958,-0.09091620499645847,-0.11460383760980175,4.466666666666667,0.0044666666666666665,3
split_026_2021-07-01_2023-10-02,without_volume,volume,Volume family,"volume, volume_chg, volume_roll_mean_20",3,0.017822185531258583,0.02194446511566639,0.4722222222222222,0.019920245080517603,0.01981636881828308,0.02594977430999279,2016,252,-0.18061481497632959,0.1292057538948449,-1.4775062802765333,-1.9461168525135104,-0.04858054708921622,-0.09251040980386371,3.4000000000000004,0.0034000000000000002,3
split_027_2021-09-30_2024-01-02,full,full,Full model,,0,0.04345991089940071,0.05441633239388466,0.5079365079365079,-0.05235701718845521,0.03947806730866432,0.050731509923934937,2016,252,0.6526810632055262,0.15315766437512243,3.358353238934194,6.347292422628224,0.1338282218722544,-0.054677627388399985,2.6714661664508124,0.0026714661664508123,3
split_027_2021-09-30_2024-01-02,without_return_level,return_level,Return-level family,"ret_mean_5, ret_mean_10, ret_mean_20, ret_mean_60",4,0.014646541327238083,0.01874064840376377,0.46825396825396826,-0.02811419126375226,0.013464056886732578,0.01744719222187996,2016,252,0.5430163741591445,0.14009726234303121,3.1673182377734372,5.66726340275662,0.11453223455002459,-0.053438100261959054,3.125501360076588,0.003125501360076588,3
split_027_2021-09-30_2024-01-02,without_volatility,volatility,Volatility family,"ret_std_5, ret_std_10, ret_std_20, ret_std_60",4,0.015173422172665596,0.02016051858663559,0.4523809523809524,-0.03195714859447193,0.014191348105669022,0.01808897592127323,2016,252,0.6298547275242434,0.13843371434055082,3.6000785140451432,6.176732531953487,0.12989275558360402,-0.051889736779158646,2.635830529832778,0.002635830529832778,3
split_027_2021-09-30_2024-01-02,without_momentum,momentum,Momentum family,"mom_5, mom_10, mom_20, mom_60",4,0.01611502096056938,0.02051616832613945,0.49603174603174605,-0.0020319115978005885,0.0159468874335289,0.020489264279603958,2016,252,0.5347353602997214,0.15252705396233976,2.885607586733757,4.930393040945963,0.11303385610751904,-0.05098314192921505,2.920176616844382,0.002920176616844382,3
split_027_2021-09-30_2024-01-02,without_macd,macd,MACD family,"macd_12_26, macd_signal_9, macd_hist",3,0.020532112568616867,0.02582976035773754,0.48412698412698413,0.026248001445162865,0.01856999285519123,0.023867085576057434,2016,252,0.45288576658094537,0.12932755008186508,2.954003310115731,4.978944698906443,0.09788756785015384,-0.058756652670250875,2.8666666666666667,0.0028666666666666667,3
split_027_2021-09-30_2024-01-02,without_rsi,rsi,RSI family,rsi_14,1,0.019402064383029938,0.025024831295013428,0.5634920634920635,0.06528189996931548,0.01856388710439205,0.024253031238913536,2016,252,0.6239013899324088,0.15318640771804673,3.2427960900360815,6.102610633681629,0.1288595551358307,-0.05343784660444206,3.8004414564322215,0.0038004414564322218,3
split_027_2021-09-30_2024-01-02,without_volume,volume,Volume family,"volume, volume_chg, volume_roll_mean_20",3,0.02154022641479969,0.027587512508034706,0.5357142857142857,0.1180011310956363,0.020597616210579872,0.026430651545524597,2016,252,0.47551820924522215,0.15577525413543672,2.5754808029954184,4.36270706836646,0.10213842360387337,-0.05486076589066491,3.201546296047252,0.0032015462960472522,3
split_028_2021-12-30_2024-04-03,full,full,Full model,,0,0.02805210091173649,0.03719836473464966,0.49603174603174605,-0.03058661125213057,0.0198166873306036,0.026040539145469666,2016,252,0.22535928619502843,0.13237099607233188,1.6012976255090332,2.300555178325129,0.052121417954167804,-0.030856208006540986,2.6333333333333337,0.002633333333333334,3
split_028_2021-12-30_2024-04-03,without_return_level,return_level,Return-level family,"ret_mean_5, ret_mean_10, ret_mean_20, ret_mean_60",4,0.014866236597299576,0.02125607803463936,0.5476190476190477,0.06304802311312331,0.014707379974424839,0.019143298268318176,2016,252,-0.006782954721270218,0.1273351092456584,0.009311690907134138,0.012955304715727929,-0.0017000691213325814,-0.04722333927456579,3.150298139837104,0.003150298139837104,3
split_028_2021-12-30_2024-04-03,without_volatility,volatility,Volatility family,"ret_std_5, ret_std_10, ret_std_20, ret_std_60",4,0.013919553719460964,0.019131869077682495,0.5277777777777778,0.15640999417932536,0.01583636924624443,0.020350517705082893,2016,252,0.21088764645683256,0.1131985848375637,1.746736548453629,2.775467096192607,0.04900114475280004,-0.023494345888647516,2.7907720699014855,0.0027907720699014856,3
split_028_2021-12-30_2024-04-03,without_momentum,momentum,Momentum family,"mom_5, mom_10, mom_20, mom_60",4,0.0159289613366127,0.023368636146187782,0.5,0.048113288187675025,0.016685986891388893,0.021403685212135315,2016,252,0.13664510021237986,0.10863797131940764,1.2328008794389662,1.7639557359537548,0.03253842148920594,-0.031149415952503978,3.666666666666667,0.003666666666666667,3
split_028_2021-12-30_2024-04-03,without_macd,macd,MACD family,"macd_12_26, macd_signal_9, macd_hist",3,0.01360758300870657,0.0174490325152874,0.5079365079365079,0.06713660427906958,0.019301405176520348,0.02508232742547989,2016,252,0.09482405399357141,0.11377373454173949,0.8524439232581907,1.2409349601205866,0.02290683993783693,-0.025138276623965394,2.273239104910222,0.0022732391049102223,3
split_028_2021-12-30_2024-04-03,without_rsi,rsi,RSI family,rsi_14,1,0.017573179677128792,0.022490419447422028,0.49206349206349204,0.017837946116669216,0.019726188853383064,0.025791866704821587,2016,252,0.2863105737151572,0.13341836572703136,1.9538565025492283,2.958714348697191,0.06496775859259896,-0.030798979163051632,3.4,0.0034,3
split_028_2021-12-30_2024-04-03,without_volume,volume,Volume family,"volume, volume_chg, volume_roll_mean_20",3,0.016609657555818558,0.020825127139687538,0.5079365079365079,0.01976275368081584,0.02253268100321293,0.0290644783526659,2016,252,-0.019754729234845114,0.10782094133152337,-0.13193458736943942,-0.1820861386883639,-0.004975695595924368,-0.033363428131751305,2.533333333333333,0.002533333333333333,3
split_029_2022-03-31_2024-07-03,full,full,Full model,,0,0.038485608994960785,0.04997524246573448,0.4801587301587302,-0.007435806390445129,0.03731527552008629,0.048380304127931595,2016,252,0.09102151988732987,0.11510521745002962,0.8136854260584917,1.1532381934892237,0.022017492816676976,-0.049576287912112105,2.489310841910208,0.002489310841910208,3
split_029_2022-03-31_2024-07-03,without_return_level,return_level,Return-level family,"ret_mean_5, ret_mean_10, ret_mean_20, ret_mean_60",4,0.011148707941174507,0.014327066950500011,0.47619047619047616,-0.04044549322882268,0.013777751475572586,0.01841745711863041,2016,252,0.024190354585338802,0.1071229041799281,0.2759511399346312,0.3730365672253558,0.005993490139954316,-0.04016215286268299,3.1777845555549504,0.0031777845555549505,3
split_029_2022-03-31_2024-07-03,without_volatility,volatility,Volatility family,"ret_std_5, ret_std_10, ret_std_20, ret_std_60",4,0.01337813027203083,0.0164310485124588,0.40476190476190477,-0.13348830562113145,0.015086401253938675,0.019602373242378235,2016,252,0.07878058197175108,0.11725437210364413,0.7045648932656091,1.0138283970539108,0.019138668713945206,-0.04670217939666077,2.1738445211682196,0.0021738445211682196,3
split_029_2022-03-31_2024-07-03,without_momentum,momentum,Momentum family,"mom_5, mom_10, mom_20, mom_60",4,0.01501448918133974,0.018615543842315674,0.45634920634920634,-0.06362402290959657,0.01656120829284191,0.021921692416071892,2016,252,-0.003158069594271673,0.12638941462872952,0.03729845382215978,0.05049080937493557,-0.0007904541313764613,-0.054838735666664085,3.0251365587872483,0.0030251365587872486,3
split_029_2022-03-31_2024-07-03,without_macd,macd,MACD family,"macd_12_26, macd_signal_9, macd_hist",3,0.01406503189355135,0.017768096178770065,0.4444444444444444,-0.01949576950400384,0.01862983964383602,0.024191534146666527,2016,252,0.0007710812683534574,0.12547524560296053,0.06801799201318141,0.09209758939298046,0.0001927146015543446,-0.054838735666664085,3.4,0.0034,3
split_029_2022-03-31_2024-07-03,without_rsi,rsi,RSI family,rsi_14,1,0.017762895673513412,0.023141825571656227,0.503968253968254,0.011278502152635402,0.019636480137705803,0.025611383840441704,2016,252,0.15768467083408533,0.10577098714532539,1.4368545362088103,2.0585732064533557,0.037283741297210904,-0.04628903884597535,3.1333333333333333,0.0031333333333333335,3
split_029_2022-03-31_2024-07-03,without_volume,volume,Volume family,"volume, volume_chg, volume_roll_mean_20",3,0.016462646424770355,0.021170778200030327,0.5198412698412699,0.002172382573279518,0.020604336634278297,0.026763463392853737,2016,252,0.044633333014843846,0.11157680415658104,0.44636215672936214,0.6221045835677049,0.01097628883853008,-0.04612805465957881,1.9565965148918254,0.0019565965148918255,3
split_030_2022-07-01_2024-10-02,full,full,Full model,,0,0.028324387967586517,0.038824621587991714,0.46825396825396826,-0.06041358847015926,0.025368642061948776,0.03349164500832558,2016,252,0.33230510641466915,0.15064747062820733,1.9798043119593844,3.010923834214059,0.07436270281124235,-0.030163036956850853,3.6666666666666665,0.0036666666666666666,3
split_030_2022-07-01_2024-10-02,without_return_level,return_level,Return-level family,"ret_mean_5, ret_mean_10, ret_mean_20, ret_mean_60",4,0.016687003895640373,0.02181849256157875,0.4603174603174603,0.09505162220479221,0.013069367967545986,0.017255563288927078,2016,252,0.19781993535180686,0.1197403453232215,1.5669510944569554,2.3279911833465525,0.04615945431031987,-0.05680670857725223,2.797654676723657,0.0027976546767236573,3
split_030_2022-07-01_2024-10-02,without_volatility,volatility,Volatility family,"ret_std_5, ret_std_10, ret_std_20, ret_std_60",4,0.018294895067811012,0.024092819541692734,0.5158730158730159,0.05595432850919207,0.013694388791918755,0.01799328811466694,2016,252,0.2839420867074969,0.17399179694679523,1.5230381049734658,2.170467439689411,0.0644771877525232,-0.08223762363508769,3.320311958764803,0.003320311958764803,3
split_030_2022-07-01_2024-10-02,without_momentum,momentum,Momentum family,"mom_5, mom_10, mom_20, mom_60",4,0.016581641510128975,0.02135862223803997,0.5158730158730159,0.10845619685495698,0.01456234510987997,0.018866684287786484,2016,252,0.3979498224542619,0.1736492360661141,2.0161170378921427,2.9485110320449226,0.08735885570182322,-0.07667341513844306,3.9333333333333336,0.003933333333333334,3
split_030_2022-07-01_2024-10-02,without_macd,macd,MACD family,"macd_12_26, macd_signal_9, macd_hist",3,0.020312100648880005,0.02727508172392845,0.503968253968254,-0.06488952827920724,0.018624037504196167,0.02430938556790352,2016,252,0.44674224415615016,0.17161617739973425,2.238159486100122,3.3120141225526387,0.09672511950141116,-0.07528593101056558,2.7315791429358707,0.0027315791429358706,3
split_030_2022-07-01_2024-10-02,without_rsi,rsi,RSI family,rsi_14,1,0.01980716735124588,0.026262424886226654,0.48412698412698413,-0.007681985875280767,0.017656970769166946,0.0231728944927454,2016,252,0.057511739674607654,0.15460731399893812,0.43791176128962833,0.6204045662661472,0.014077856019663715,-0.07921097459509263,2.993244335585727,0.002993244335585727,3
split_030_2022-07-01_2024-10-02,without_volume,volume,Volume family,"volume, volume_chg, volume_roll_mean_20",3,0.022412754595279694,0.02877863496541977,0.47619047619047616,-0.010488534958837965,0.020393958315253258,0.026873547583818436,2016,252,0.2792643162323565,0.16719830199043118,1.5563331894056665,2.1590794453471553,0.06350631112594374,-0.08704581355470353,2.208652734386687,0.002208652734386687,3
split_031_2022-09-30_2025-01-02,full,full,Full model,,0,0.04238809645175934,0.05498751252889633,0.44047619047619047,-0.04341833392338618,0.03876139596104622,0.05063289776444435,2016,252,-0.26360910305677,0.11521276623392687,-2.597113036583115,-2.9809970877283445,-0.0736457404755596,-0.07187434319120167,4.0640660597656,0.0040640660597656,3
split_031_2022-09-30_2025-01-02,without_return_level,return_level,Return-level family,"ret_mean_5, ret_mean_10, ret_mean_20, ret_mean_60",4,0.013510415330529213,0.018270304426550865,0.46825396825396826,-0.00848331238575821,0.01306032296270132,0.01717217080295086,2016,252,0.037253124703464424,0.13613758031939446,0.3356334046016441,0.48754038384257625,0.009185932247552486,-0.046345803972800526,2.765098102168911,0.002765098102168911,3
split_031_2022-09-30_2025-01-02,without_volatility,volatility,Volatility family,"ret_std_5, ret_std_10, ret_std_20, ret_std_60",4,0.013968770392239094,0.018953470513224602,0.46825396825396826,-0.059208982942328715,0.013992262072861195,0.018642326816916466,2016,252,-0.2734698655181168,0.13792106596100698,-2.246586416501412,-2.712673660185891,-0.07676256000379311,-0.0952943275321042,3.721235230537835,0.003721235230537835,3
split_031_2022-09-30_2025-01-02,without_momentum,momentum,Momentum family,"mom_5, mom_10, mom_20, mom_60",4,0.013909079134464264,0.018288787454366684,0.5238095238095238,0.03238137942043758,0.014055528677999973,0.01865830272436142,2016,252,-0.2880587006093571,0.10024513062958336,-3.3375245303820242,-3.9159374215975506,-0.08143256087249329,-0.07273116171459104,2.466666666666667,0.002466666666666667,3
split_031_2022-09-30_2025-01-02,without_macd,macd,MACD family,"macd_12_26, macd_signal_9, macd_hist",3,0.018386902287602425,0.02430255524814129,0.42063492063492064,-0.14314098485371513,0.018716705963015556,0.024570675566792488,2016,252,0.0305918554207536,0.14301824755987574,0.2807839384457407,0.43015632721688385,0.007561760325842659,-0.04679654268252087,2.8097553246311673,0.002809755324631167,3
split_031_2022-09-30_2025-01-02,without_rsi,rsi,RSI family,rsi_14,1,0.019973913207650185,0.0257563516497612,0.49603174603174605,-0.07383276594469387,0.018705202266573906,0.024863267317414284,2016,252,0.010477939461629227,0.1287266039952841,0.1442320777581922,0.21103106227555915,0.0026092547737521787,-0.04832996086427044,4.466666666666667,0.0044666666666666665,3
split_031_2022-09-30_2025-01-02,without_volume,volume,Volume family,"volume, volume_chg, volume_roll_mean_20",3,0.0200188010931015,0.02551659569144249,0.4603174603174603,-0.10256187119264792,0.01943940296769142,0.025685543194413185,2016,252,-0.15504555425618194,0.1287752801756419,-1.2444698677525114,-1.6992675536877728,-0.041243494436810746,-0.05641114808169567,3.2,0.0032,3
split_032_2022-12-30_2025-04-04,full,full,Full model,,0,0.03044644556939602,0.039199911057949066,0.5476190476190477,0.010091019369765464,0.026627419516444206,0.033875614404678345,2016,252,-0.2636261179621233,0.13262230948248294,-2.2405546933871254,-2.7454481071526633,-0.07365109156242389,-0.1001952097468497,4.2,0.004200000000000001,3
split_032_2022-12-30_2025-04-04,without_return_level,return_level,Return-level family,"ret_mean_5, ret_mean_10, ret_mean_20, ret_mean_60",4,0.014695057645440102,0.020326383411884308,0.5396825396825397,0.08274575857425281,0.012391033582389355,0.016491131857037544,2016,252,-0.3095490486672091,0.15923216642613874,-2.245581661602767,-2.6765609472084755,-0.08844430627603972,-0.1240077442865325,2.587518313974957,0.002587518313974957,3
split_032_2022-12-30_2025-04-04,without_volatility,volatility,Volatility family,"ret_std_5, ret_std_10, ret_std_20, ret_std_60",4,0.014439471065998077,0.018889710307121277,0.5158730158730159,0.07803106425039608,0.013053216971457005,0.01738637313246727,2016,252,-0.31231882625194274,0.16838114409626737,-2.1383882002353842,-2.5082415187496285,-0.08935987224760777,-0.12863591442442635,3.998211012431258,0.003998211012431258,3
split_032_2022-12-30_2025-04-04,without_momentum,momentum,Momentum family,"mom_5, mom_10, mom_20, mom_60",4,0.01634715497493744,0.022789306938648224,0.5515873015873016,0.13639501816876298,0.013320807367563248,0.017327800393104553,2016,252,-0.3483829172058659,0.18829534042817483,-2.178917792534671,-2.537926886955159,-0.10154130643688475,-0.14102358363985623,3.5645021553014415,0.0035645021553014416,3
split_032_2022-12-30_2025-04-04,without_macd,macd,MACD family,"macd_12_26, macd_signal_9, macd_hist",3,0.01789022982120514,0.02517075464129448,0.5357142857142857,0.030728717264436455,0.016957510262727737,0.02246568165719509,2016,252,-0.27239456809357143,0.17989724295816387,-1.6767417736244357,-1.9461281953874132,-0.07642114115760645,-0.1225883692102715,2.4,0.0024,3
split_032_2022-12-30_2025-04-04,without_rsi,rsi,RSI family,rsi_14,1,0.018375759944319725,0.024738173931837082,0.5119047619047619,0.13391130803088855,0.017828932031989098,0.023713823407888412,2016,252,-0.41880052318842964,0.2086686543656459,-2.4935725670941338,-2.8627693203461053,-0.12686518854960804,-0.16732325721795438,2.320794042750996,0.002320794042750996,3
split_032_2022-12-30_2025-04-04,without_volume,volume,Volume family,"volume, volume_chg, volume_roll_mean_20",3,0.024171670898795128,0.035183317959308624,0.5714285714285714,0.20155251232249954,0.01855841837823391,0.024219483137130737,2016,252,-0.2831350514688208,0.2120043261107052,-1.4627916056194832,-1.6900319228124439,-0.07984850416210298,-0.13231303395553096,3.2,0.0032,3
split_033_2023-04-03_2025-07-08,full,full,Full model,,0,0.10756003856658936,0.1459178328514099,0.43253968253968256,0.02548496200041664,0.0383063443005085,0.04982761666178703,2016,252,1.1624538885628937,0.22712392854549604,3.5096682357454085,7.752660103038961,0.21265347009882474,-0.03291127301455121,2.7493331868449493,0.0027493331868449493,3
split_033_2023-04-03_2025-07-08,without_return_level,return_level,Return-level family,"ret_mean_5, ret_mean_10, ret_mean_20, ret_mean_60",4,0.02847806178033352,0.04373455047607422,0.49603174603174605,0.14958540994907193,0.012308485805988312,0.01655048504471779,2016,252,1.3377724570496277,0.22252155575074709,3.9294936341579287,8.891980626170165,0.23651833206339834,-0.0286407589912413,3.3780934636078195,0.0033780934636078196,3
split_033_2023-04-03_2025-07-08,without_volatility,volatility,Volatility family,"ret_std_5, ret_std_10, ret_std_20, ret_std_60",4,0.016848552972078323,0.02436259761452675,0.48412698412698413,0.029530659494079427,0.012482762336730957,0.016733627766370773,2016,252,0.6812255671320515,0.20228935663784747,2.669460389817117,4.609637217188184,0.13869259516155918,-0.04773924011949571,2.8182320634087255,0.0028182320634087257,3
split_033_2023-04-03_2025-07-08,without_momentum,momentum,Momentum family,"mom_5, mom_10, mom_20, mom_60",4,0.04472390562295914,0.07538304477930069,0.4523809523809524,-0.13862663164010897,0.013002490624785423,0.018000923097133636,2016,252,0.49677062455073306,0.17524573483806258,2.3894096067851214,3.6287706773513366,0.1060857896319991,-0.030615703264872174,2.552529186654599,0.0025525291866545993,3
split_033_2023-04-03_2025-07-08,without_macd,macd,MACD family,"macd_12_26, macd_signal_9, macd_hist",3,0.033429041504859924,0.05251305177807808,0.4880952380952381,-0.18887931041025713,0.015979235991835594,0.021453652530908585,2016,252,1.0293913490694253,0.23646128982443976,3.111579896855501,5.988449022813375,0.19355229221903336,-0.037358876069386704,2.066666666666667,0.0020666666666666667,3
split_033_2023-04-03_2025-07-08,without_rsi,rsi,RSI family,rsi_14,1,0.041101425886154175,0.07744231075048447,0.48412698412698413,-0.06707031120503854,0.01489036250859499,0.020262461155653,2016,252,0.5810401332131236,0.20804264079311333,2.305065307995805,3.93072651853806,0.12133589245336696,-0.050871146202727924,3.0,0.003,3
split_033_2023-04-03_2025-07-08,without_volume,volume,Volume family,"volume, volume_chg, volume_roll_mean_20",3,0.04959271475672722,0.08492591232061386,0.5,0.06153575948113187,0.017708705738186836,0.024713046848773956,2016,252,0.9962573737923195,0.24093296469223496,2.9888916405648946,5.9831172773174846,0.18865037945094598,-0.04397695737447016,2.3138883588182693,0.0023138883588182694,3
split_034_2023-07-05_2025-10-06,full,full,Full model,,0,0.014490539208054543,0.021928003057837486,0.49603174603174605,-0.04983476177661956,0.02263353392481804,0.03928649052977562,2016,252,0.4158892544284236,0.0969162238458798,3.6382579862965247,6.669324224782556,0.0908306230326481,-0.019668351482585722,2.4419266320689577,0.0024419266320689576,3
split_034_2023-07-05_2025-10-06,without_return_level,return_level,Return-level family,"ret_mean_5, ret_mean_10, ret_mean_20, ret_mean_60",4,0.008871788159012794,0.012274656444787979,0.5555555555555556,0.134826881537842,0.01364830695092678,0.01967315934598446,2016,252,0.20166466971358998,0.1067456784910513,1.7740959555353215,2.8106585007766096,0.0469979302647896,-0.03910091180834552,2.9663650532339343,0.0029663650532339345,3
split_034_2023-07-05_2025-10-06,without_volatility,volatility,Volatility family,"ret_std_5, ret_std_10, ret_std_20, ret_std_60",4,0.009218491613864899,0.012410097755491734,0.503968253968254,0.16679525448431828,0.013295452110469341,0.01822573132812977,2016,252,0.3448977021224664,0.11382446886247057,2.6604497032025414,5.278449857819156,0.07689240218741067,-0.03431596939138326,3.4000000000000004,0.0034000000000000002,3
split_034_2023-07-05_2025-10-06,without_momentum,momentum,Momentum family,"mom_5, mom_10, mom_20, mom_60",4,0.009807713329792023,0.013078968040645123,0.49206349206349204,0.043305076716984414,0.016225872561335564,0.029811130836606026,2016,252,0.3025652478138836,0.12486430866401453,2.179167695385443,4.028181770818844,0.06831634185741708,-0.048539104258332855,3.4000000000000004,0.0034000000000000002,3
split_034_2023-07-05_2025-10-06,without_macd,macd,MACD family,"macd_12_26, macd_signal_9, macd_hist",3,0.011795557104051113,0.015572702512145042,0.49603174603174605,-0.003280561079174633,0.016748443245887756,0.027175428345799446,2016,252,0.34673041690542017,0.10347653074252372,2.9291453524635642,5.559199403003348,0.07725908971642004,-0.02363366695555036,3.1820906945638052,0.003182090694563805,3
split_034_2023-07-05_2025-10-06,without_rsi,rsi,RSI family,rsi_14,1,0.010899877175688744,0.015031149610877037,0.5119047619047619,0.03980671122903104,0.016159702092409134,0.03240538761019707,2016,252,0.27505784144009837,0.09921794246731845,2.4989551919179998,4.258647529813584,0.06263097611227186,-0.03431596939138326,1.5333333333333334,0.0015333333333333334,3
split_034_2023-07-05_2025-10-06,without_volume,volume,Volume family,"volume, volume_chg, volume_roll_mean_20",3,0.010920106433331966,0.014522799290716648,0.5515873015873016,0.06467611673085852,0.018592633306980133,0.0322883203625679,2016,252,0.27505784144009837,0.09921794246731844,2.4989551919179998,4.258647529813583,0.06263097611227186,-0.03431596939138326,1.5333333333333334,0.0015333333333333334,3
