split,model,train_start,train_end,test_start,test_end,n_reb,turnover_total,tc_total,net_ann_return,net_ann_vol,net_sharpe,net_sortino,net_cumulative_return,net_max_drawdown
split_001_2015-03-31_2017-06-28,equal_weight,2015-03-31,2017-03-29,2017-03-30,2017-06-28,3,1.0,0.001,0.21184040256351033,0.061187075361388066,3.171490921220509,5.145307626956219,0.04920742885565366,-0.010380372405052185
split_001_2015-03-31_2017-06-28,markowitz,2015-03-31,2017-03-29,2017-03-30,2017-06-28,3,1.19332,0.0011933199999999999,0.17533068127644325,0.046117360978055216,3.526831148862529,5.107445334078771,0.04121404648725724,-0.009152772717476054
split_001_2015-03-31_2017-06-28,black_litterman,2015-03-31,2017-03-29,2017-03-30,2017-06-28,3,1.67662,0.00167662,0.15820282875382508,0.05657580580156381,2.624585373435472,3.574576111446975,0.037399789002376504,-0.013550599758229809
split_002_2015-06-30_2017-09-27,equal_weight,2015-06-30,2017-06-28,2017-06-29,2017-09-27,3,1.0,0.001,0.10422668051710016,0.05454664733408008,1.8448701880652592,1.9627839836483492,0.025096047761416385,-0.018047773997398986
split_002_2015-06-30_2017-09-27,markowitz,2015-06-30,2017-06-28,2017-06-29,2017-09-27,3,1.1235,0.0011235,0.057251396437266955,0.04849980901390581,1.1719198062577838,1.4228442405697395,0.014015437637294514,-0.008742496728897042
split_002_2015-06-30_2017-09-27,black_litterman,2015-06-30,2017-06-28,2017-06-29,2017-09-27,3,1.2961945881205754,0.0012961945881205755,0.060578733569511156,0.04909645623666322,1.2222812229234459,1.3886903077187105,0.014812314476716937,-0.013968537830028938
split_003_2015-09-29_2017-12-27,equal_weight,2015-09-29,2017-09-27,2017-09-28,2017-12-27,3,1.0,0.001,0.19626430854449173,0.04815196750564431,3.7466222768835284,6.184597472329132,0.04581962299792108,-0.011319133314247165
split_003_2015-09-29_2017-12-27,markowitz,2015-09-29,2017-09-27,2017-09-28,2017-12-27,3,1.15246,0.0011524600000000001,0.23002276127856858,0.044363149866524766,4.690509883241132,6.286209507983317,0.053121033960643604,-0.011886998238730961
split_003_2015-09-29_2017-12-27,black_litterman,2015-09-29,2017-09-27,2017-09-28,2017-12-27,3,1.2872535826641733,0.0012872535826641733,0.22002773463080638,0.045779402446319006,4.368393055982563,6.758846020214018,0.050975097956573734,-0.01097006588614935
split_004_2015-12-29_2018-03-29,equal_weight,2015-12-29,2017-12-27,2017-12-28,2018-03-29,3,1.0,0.001,-0.05762389542809998,0.12947096402450808,-0.394266051111963,-0.46306708906009447,-0.014728169255618706,-0.07984490783099918
split_004_2015-12-29_2018-03-29,markowitz,2015-12-29,2017-12-27,2017-12-28,2018-03-29,3,1.3226,0.0013226,-0.09419067854411567,0.14028641482727433,-0.635641339706623,-0.7639825075597356,-0.024428293574366045,-0.08203326474896533
split_004_2015-12-29_2018-03-29,black_litterman,2015-12-29,2017-12-27,2017-12-28,2018-03-29,3,1.4210138098619014,0.0014210138098619013,-0.1103448312405042,0.15610322351577552,-0.6715156387131825,-0.785638962408698,-0.02880726150385793,-0.08735078790464701
split_005_2016-03-31_2018-06-28,equal_weight,2016-03-31,2018-03-29,2018-04-02,2018-06-28,3,1.0,0.001,0.09698248114293895,0.07671746558303522,1.2445756364152736,1.6224665297706855,0.023410628530477373,-0.021609206625541333
split_005_2016-03-31_2018-06-28,markowitz,2016-03-31,2018-03-29,2018-04-02,2018-06-28,3,1.46736,0.00146736,0.1697024314999369,0.09831738207593323,1.643297535032565,2.105198889117626,0.03996529884624467,-0.024591780119381013
split_005_2016-03-31_2018-06-28,black_litterman,2016-03-31,2018-03-29,2018-04-02,2018-06-28,3,1.256559595599658,0.0012565595955996581,0.14710756110617362,0.09911147320466254,1.4339859144665852,1.8715097839023245,0.03490631161882174,-0.023565695152952038
split_006_2016-06-29_2018-09-27,equal_weight,2016-06-29,2018-06-28,2018-06-29,2018-09-27,3,1.0,0.001,0.10768089445852169,0.05862227930129464,1.7737224904415276,3.2368463840995143,0.025896778937424703,-0.02089197986705682
split_006_2016-06-29_2018-09-27,markowitz,2016-06-29,2018-06-28,2018-06-29,2018-09-27,3,1.70824,0.00170824,0.1988668946958725,0.07399450697441454,2.488528654121979,3.840669619646802,0.04638797939250772,-0.017963558221456122
split_006_2016-06-29_2018-09-27,black_litterman,2016-06-29,2018-06-28,2018-06-29,2018-09-27,3,1.3769800000000003,0.0013769800000000003,0.21053955629571353,0.07404842557851106,2.617708682097035,3.906495057238106,0.04892574833843355,-0.018613400570622773
split_007_2016-09-28_2018-12-28,equal_weight,2016-09-28,2018-09-27,2018-09-28,2018-12-28,3,1.0,0.001,-0.3855930990101194,0.15173198165228266,-3.1325058302768722,-5.085114224071417,-0.11465197818226847,-0.1425461272759725
split_007_2016-09-28_2018-12-28,markowitz,2016-09-28,2018-09-27,2018-09-28,2018-12-28,3,1.65658,0.00165658,-0.39478586312149866,0.1837715196403722,-2.6393639280814796,-3.995687017252235,-0.11798237005942147,-0.1499400574279931
split_007_2016-09-28_2018-12-28,black_litterman,2016-09-28,2018-09-27,2018-09-28,2018-12-28,3,1.89532,0.00189532,-0.4442024666092116,0.20455035199561183,-2.7673578982333513,-4.196019448557898,-0.13656598486338367,-0.17112879564422945
split_008_2016-12-28_2019-04-01,equal_weight,2016-12-28,2018-12-28,2018-12-31,2019-04-01,3,1.0,0.001,0.5677372404721259,0.08977695377033768,5.056889517097288,7.5291581618993915,0.11896967952158999,-0.017923305607010276
split_008_2016-12-28_2019-04-01,markowitz,2016-12-28,2018-12-28,2018-12-31,2019-04-01,3,1.1675,0.0011675,0.42401907637180236,0.05678808287324307,6.256876009584658,12.131367413659868,0.09239310882359564,-0.011507429478164855
split_008_2016-12-28_2019-04-01,black_litterman,2016-12-28,2018-12-28,2018-12-31,2019-04-01,3,1.4047736932630674,0.0014047736932630674,0.40113723487772823,0.058983288371518526,5.75112257549611,10.033878157357186,0.08797813788439357,-0.014959952024694245
split_009_2017-03-30_2019-07-01,equal_weight,2017-03-30,2019-04-01,2019-04-02,2019-07-01,3,1.0,0.001,0.15566012694079712,0.08633260776030668,1.7187602673085032,2.5298936530286964,0.036829946513817324,-0.03704163389258963
split_009_2017-03-30_2019-07-01,markowitz,2017-03-30,2019-04-01,2019-04-02,2019-07-01,3,1.25854,0.00125854,0.19443782877477722,0.0567497424079443,3.1598816672186043,5.484645516869555,0.045420199762904456,-0.015223289053152178
split_009_2017-03-30_2019-07-01,black_litterman,2017-03-30,2019-04-01,2019-04-02,2019-07-01,3,1.47052,0.0014705200000000001,0.16957576319004253,0.05959177916085604,2.6587085323764716,4.442897924380357,0.03993714296808859,-0.01779460619728712
split_010_2017-06-29_2019-09-30,equal_weight,2017-06-29,2019-07-01,2019-07-02,2019-09-30,3,1.0,0.001,0.05621766552049734,0.09023178268864056,0.6506971455335359,0.8648066947392994,0.013767482499047468,-0.034037087431704305
split_010_2017-06-29_2019-09-30,markowitz,2017-06-29,2019-07-01,2019-07-02,2019-09-30,3,1.1158599999999999,0.0011158599999999998,0.22143910567733172,0.07711037193822964,2.6330857984261167,3.590043136829988,0.0512789174382311,-0.03564124467458962
split_010_2017-06-29_2019-09-30,black_litterman,2017-06-29,2019-07-01,2019-07-02,2019-09-30,3,1.2056,0.0012056,0.2088198474721059,0.07557306053388062,2.547586920820104,3.600481692837335,0.04855302019916974,-0.03357874939715366
split_011_2017-09-28_2019-12-30,equal_weight,2017-09-28,2019-09-30,2019-10-01,2019-12-30,3,1.0,0.001,0.23058137643206034,0.06736016343398668,3.114705126414802,3.712849814246839,0.053240582399840974,-0.013972871537047293
split_011_2017-09-28_2019-12-30,markowitz,2017-09-28,2019-09-30,2019-10-01,2019-12-30,3,1.04026,0.0010402599999999999,0.04737730933367024,0.07442776906172328,0.6586067145978596,1.096453093617519,0.011639527922354231,-0.026454162295066252
split_011_2017-09-28_2019-12-30,black_litterman,2017-09-28,2019-09-30,2019-10-01,2019-12-30,3,1.06278,0.0010627800000000001,0.04628823471223065,0.0744247526877644,0.6446497930423836,1.0693825197237068,0.011376446797792816,-0.026542157126177468
split_012_2017-12-28_2020-03-31,equal_weight,2017-12-28,2019-12-30,2019-12-31,2020-03-31,3,1.0,0.001,-0.44535511415489604,0.3682619144538001,-1.414287545086256,-1.4366194772155672,-0.1370139942413271,-0.26165296706512475
split_012_2017-12-28_2020-03-31,markowitz,2017-12-28,2019-12-30,2019-12-31,2020-03-31,3,1.0923399999999999,0.0010923399999999998,0.1966993351782209,0.21618991595160056,0.9386062936967392,0.9059335534196733,0.04591468922973463,-0.1491602308516362
split_012_2017-12-28_2020-03-31,black_litterman,2017-12-28,2019-12-30,2019-12-31,2020-03-31,3,1.21604,0.00121604,0.18368598995803853,0.217695515288339,0.8833818779500553,0.8461976941758398,0.04305960551003274,-0.1528715160602343
split_013_2018-04-02_2020-06-30,equal_weight,2018-04-02,2020-03-31,2020-04-01,2020-06-30,3,1.0,0.001,0.7744123488158683,0.24182774454856884,2.4931453582022756,3.7619114172022226,0.15415367245058298,-0.05352888372734288
split_013_2018-04-02_2020-06-30,markowitz,2018-04-02,2020-03-31,2020-04-01,2020-06-30,3,1.0,0.001,0.35739234447993296,0.10988442820633716,2.8363576563948523,5.573088372323258,0.07938492645184692,-0.030127274160260176
split_013_2018-04-02_2020-06-30,black_litterman,2018-04-02,2020-03-31,2020-04-01,2020-06-30,3,1.0898999999999999,0.0010899,0.3317212116732773,0.10629378157747936,2.748783090161548,5.007896541655935,0.07424497117206252,-0.03164422528711086
split_014_2018-06-29_2020-09-29,equal_weight,2018-06-29,2020-06-30,2020-07-01,2020-09-29,3,1.0,0.001,0.20500313600493647,0.11883323580660267,1.6284335713165767,2.429050696536618,0.04772436662281798,-0.05828602982905573
split_014_2018-06-29_2020-09-29,markowitz,2018-06-29,2020-06-30,2020-07-01,2020-09-29,3,1.0,0.001,0.1612622760348923,0.0830113990834764,1.842504787080191,2.419077753723724,0.03808419650603634,-0.041543561806840934
split_014_2018-06-29_2020-09-29,black_litterman,2018-06-29,2020-06-30,2020-07-01,2020-09-29,3,1.1419000000000001,0.0011419000000000002,0.13892688095504813,0.07949279124022604,1.6760618166368086,2.2806102657039213,0.033056229277337756,-0.03762471601224726
split_015_2018-09-28_2020-12-29,equal_weight,2018-09-28,2020-09-29,2020-09-30,2020-12-29,3,1.0,0.001,0.6330734251755072,0.1203494267787602,4.138527510495474,6.367806392021269,0.13045018148868537,-0.05697353850686171
split_015_2018-09-28_2020-12-29,markowitz,2018-09-28,2020-09-29,2020-09-30,2020-12-29,3,1.0,0.001,0.08616400802627688,0.08810439870202083,0.981509145862427,1.9309006704388727,0.020878016589561676,-0.042304675967435035
split_015_2018-09-28_2020-12-29,black_litterman,2018-09-28,2020-09-29,2020-09-30,2020-12-29,3,1.1797330329303293,0.0011797330329303293,0.10381360552247587,0.08491053683624201,1.2051360965692053,2.516046682845195,0.025000165963303456,-0.041317199703443386
split_016_2018-12-31_2021-03-31,equal_weight,2018-12-31,2020-12-29,2020-12-30,2021-03-31,3,1.0,0.001,0.09352391585953601,0.12971074666119878,0.7533876827481855,1.051872772011047,0.022603021063528406,-0.046580359131412785
split_016_2018-12-31_2021-03-31,markowitz,2018-12-31,2020-12-29,2020-12-30,2021-03-31,3,1.0737599999999998,0.0010737599999999998,-0.19697401587065055,0.10641025690514509,-2.0082210999579755,-3.0584509301180547,-0.053365344505961976,-0.06909775737422486
split_016_2018-12-31_2021-03-31,black_litterman,2018-12-31,2020-12-29,2020-12-30,2021-03-31,3,1.1634929742702573,0.0011634929742702573,-0.14694720990344778,0.10919227452138291,-1.4012520815480067,-2.1080835468371384,-0.038954439300786126,-0.059678026491237324
split_017_2019-04-02_2021-06-30,equal_weight,2019-04-02,2021-03-31,2021-04-01,2021-06-30,3,1.0,0.001,0.27123278948534457,0.10172068359924173,2.410489586616185,3.408437367243954,0.06183313009912239,-0.0399662134669021
split_017_2019-04-02_2021-06-30,markowitz,2019-04-02,2021-03-31,2021-04-01,2021-06-30,3,1.2151399999999999,0.00121514,0.32949302448556184,0.08206625776746503,3.5126480233009523,5.420346272309406,0.0737953421185007,-0.03273239199310929
split_017_2019-04-02_2021-06-30,black_litterman,2019-04-02,2021-03-31,2021-04-01,2021-06-30,3,1.2647,0.0012647,0.28321611152615,0.08739320500378475,2.897846035839242,4.045609553897537,0.06432668487183135,-0.03653489729382042
split_018_2019-07-02_2021-09-29,equal_weight,2019-07-02,2021-06-30,2021-07-01,2021-09-29,3,1.0,0.001,-0.017939176501568843,0.0908250818521126,-0.1545275611217133,-0.2241175171289789,-0.004515283855094476,-0.03641791857645371
split_018_2019-07-02_2021-09-29,markowitz,2019-07-02,2021-06-30,2021-07-01,2021-09-29,3,1.174789438905611,0.0011747894389056112,0.044062456080847134,0.07368387280271797,0.6216013793401338,0.8146965250456335,0.010838139561961668,-0.038152333233614666
split_018_2019-07-02_2021-09-29,black_litterman,2019-07-02,2021-06-30,2021-07-01,2021-09-29,3,1.317487416792103,0.001317487416792103,0.0029965949783619106,0.07501791150941323,0.0769159230854848,0.09209970207431388,0.0007483083773438537,-0.0368042506131091
split_019_2019-10-01_2021-12-29,equal_weight,2019-10-01,2021-09-29,2021-09-30,2021-12-29,3,1.0,0.001,0.17695815657823055,0.1025471657015702,1.6398118980818626,2.7433330266059435,0.041574300619984905,-0.05188928063247489
split_019_2019-10-01_2021-12-29,markowitz,2019-10-01,2021-09-29,2021-09-30,2021-12-29,3,1.08194,0.00108194,0.3023733952727352,0.08371309201165548,3.1987208970558387,5.225078439607706,0.06827700207639986,-0.01771342693335909
split_019_2019-10-01_2021-12-29,black_litterman,2019-10-01,2021-09-29,2021-09-30,2021-12-29,3,1.1942245196451964,0.0011942245196451965,0.24971824221908112,0.08947078282402107,2.536628217127178,4.516801401102103,0.05731167388722258,-0.0306434350769913
split_020_2019-12-31_2022-03-30,equal_weight,2019-12-31,2021-12-29,2021-12-30,2022-03-30,3,1.0,0.001,-0.22671334803048782,0.16012691275798802,-1.526104069338063,-2.684461373424731,-0.062254198429533614,-0.11951383855086606
split_020_2019-12-31_2022-03-30,markowitz,2019-12-31,2021-12-29,2021-12-30,2022-03-30,3,1.2464199999999999,0.0012464199999999998,-0.18878152318914798,0.13877929877640502,-1.438555244394125,-2.2350963181600756,-0.050960128773749114,-0.1113419410477714
split_020_2019-12-31_2022-03-30,black_litterman,2019-12-31,2021-12-29,2021-12-30,2022-03-30,3,1.61008,0.00161008,-0.14240545963598084,0.16144109902219492,-0.87186847725425,-1.5530115381400127,-0.037677806312218176,-0.11133752002423825
split_021_2020-04-01_2022-06-30,equal_weight,2020-04-01,2022-03-30,2022-03-31,2022-06-30,3,1.0,0.001,-0.4903486363777355,0.20935349191044794,-3.1116177224564296,-4.4320994215667415,-0.15507473298752272,-0.17550886182670555
split_021_2020-04-01_2022-06-30,markowitz,2020-04-01,2022-03-30,2022-03-31,2022-06-30,3,1.2960544852551474,0.0012960544852551475,-0.5245796194613319,0.26435764798961,-2.677818179413386,-3.926132885487831,-0.1696342093665496,-0.18926252918735642
split_021_2020-04-01_2022-06-30,black_litterman,2020-04-01,2022-03-30,2022-03-31,2022-06-30,3,1.2109,0.0012109000000000002,-0.5261275171605044,0.2733629530924548,-2.5926762097301017,-3.804953627724186,-0.17031092288258598,-0.19110587864892337
split_022_2020-07-01_2022-09-29,equal_weight,2020-07-01,2022-06-30,2022-07-01,2022-09-29,3,1.0,0.001,-0.21809981541260715,0.17777656899841002,-1.295795004101276,-2.4201658799012886,-0.05965368085182998,-0.15369558005632977
split_022_2020-07-01_2022-09-29,markowitz,2020-07-01,2022-06-30,2022-07-01,2022-09-29,3,1.0,0.001,-0.10360435596327344,0.22438437350914922,-0.3766547154334829,-0.5847836782812326,-0.026972903829938888,-0.16098583156299706
split_022_2020-07-01_2022-09-29,black_litterman,2020-07-01,2022-06-30,2022-07-01,2022-09-29,3,1.5710199999999999,0.0015710199999999998,-0.13101861778559576,0.22512447293371,-0.5126377243624775,-0.8131229898639315,-0.03449924446487984,-0.16485337408748824
split_023_2020-09-30_2022-12-29,equal_weight,2020-09-30,2022-09-29,2022-09-30,2022-12-29,3,1.0,0.001,0.30849075162561723,0.21117717260786167,1.3768380669250957,3.1468202592360615,0.06952924504339175,-0.06460003973182593
split_023_2020-09-30_2022-12-29,markowitz,2020-09-30,2022-09-29,2022-09-30,2022-12-29,3,1.41822,0.00141822,0.30714757250786096,0.2574971663952893,1.1663756967669345,2.405537439483257,0.06925466865218177,-0.06585988869958548
split_023_2020-09-30_2022-12-29,black_litterman,2020-09-30,2022-09-29,2022-09-30,2022-12-29,3,1.47932,0.00147932,0.2869245721715681,0.26456594375282777,1.0830247641627377,2.1896412648785475,0.06509482190838711,-0.07543847342487053
split_024_2020-12-30_2023-03-31,equal_weight,2020-12-30,2022-12-29,2022-12-30,2023-03-31,3,1.0,0.001,0.26222847910570635,0.13335199398892633,1.8126983763538607,3.2262896801761145,0.05994783881237398,-0.06987299723920559
split_024_2020-12-30_2023-03-31,markowitz,2020-12-30,2022-12-29,2022-12-30,2023-03-31,3,1.0,0.001,0.32937366543403734,0.1525169979251705,1.9427744674734722,3.4904316089828873,0.07377124054248663,-0.06793657316173984
split_024_2020-12-30_2023-03-31,black_litterman,2020-12-30,2022-12-29,2022-12-30,2023-03-31,3,1.0,0.001,0.32937366543403734,0.1525169979251705,1.9427744674734722,3.4904316089828873,0.07377124054248663,-0.06793657316173984
split_025_2021-04-01_2023-07-03,equal_weight,2021-04-01,2023-03-31,2023-04-03,2023-07-03,3,1.0,0.001,0.15036880712408496,0.09378892599961872,1.5400672683762284,3.18246598860286,0.035641092705423594,-0.02437562249655434
split_025_2021-04-01_2023-07-03,markowitz,2021-04-01,2023-03-31,2023-04-03,2023-07-03,3,2.0,0.002,0.2073980681262806,0.10186749515052809,1.9008379081470859,3.5874312099507035,0.04824456459570703,-0.024315720310482458
split_025_2021-04-01_2023-07-03,black_litterman,2021-04-01,2023-03-31,2023-04-03,2023-07-03,3,2.0,0.002,0.2073980681262806,0.10186749515052809,1.9008379081470859,3.5874312099507035,0.04824456459570703,-0.024315720310482458
split_026_2021-07-01_2023-10-02,equal_weight,2021-07-01,2023-07-03,2023-07-05,2023-10-02,3,1.0,0.001,-0.275072500803653,0.11366681080294509,-2.772223298914679,-4.085725629343725,-0.07727211850184645,-0.10056617404699175
split_026_2021-07-01_2023-10-02,markowitz,2021-07-01,2023-07-03,2023-07-05,2023-10-02,3,2.0,0.002,-0.23429141602516013,0.1106627186589043,-2.3564871605370947,-3.5395003519682473,-0.06456012434371516,-0.0911314883281793
split_026_2021-07-01_2023-10-02,black_litterman,2021-07-01,2023-07-03,2023-07-05,2023-10-02,3,2.4378,0.0024378000000000004,-0.2590155102810344,0.11093223291019748,-2.6460307564682743,-3.903811012359878,-0.07220446242904355,-0.09855868740225582
split_027_2021-09-30_2024-01-02,equal_weight,2021-09-30,2023-10-02,2023-10-03,2024-01-02,3,1.0,0.001,0.6245796213851107,0.14408952596841867,3.4415622223736717,5.560053435087542,0.128977405298504,-0.05882720938884989
split_027_2021-09-30_2024-01-02,markowitz,2021-09-30,2023-10-02,2023-10-03,2024-01-02,3,2.0,0.002,0.451577678037413,0.13659700238495143,2.797152141094376,4.175326317873667,0.09764036684597666,-0.05882720938884989
split_027_2021-09-30_2024-01-02,black_litterman,2021-09-30,2023-10-02,2023-10-03,2024-01-02,3,2.0,0.002,0.451577678037413,0.13659700238495143,2.797152141094376,4.175326317873667,0.09764036684597666,-0.05882720938884989
split_028_2021-12-30_2024-04-03,equal_weight,2021-12-30,2024-01-02,2024-01-03,2024-04-03,3,1.0,0.001,0.1485385661968579,0.11311747059700607,1.2803593386600651,1.9130044788070322,0.0352289195306712,-0.02322766363377904
split_028_2021-12-30_2024-04-03,markowitz,2021-12-30,2024-01-02,2024-01-03,2024-04-03,3,1.0,0.001,0.3942598239989592,0.09821793234803568,3.4344363043698625,5.96978977092821,0.08664060205732005,-0.015981602187104094
split_028_2021-12-30_2024-04-03,black_litterman,2021-12-30,2024-01-02,2024-01-03,2024-04-03,3,1.0,0.001,0.3942598239989592,0.09821793234803568,3.4344363043698625,5.96978977092821,0.08664060205732005,-0.015981602187104094
split_029_2022-03-31_2024-07-03,equal_weight,2022-03-31,2024-04-03,2024-04-04,2024-07-03,3,1.0,0.001,0.07523422736810148,0.10681918061411243,0.73180977848914,1.0923872626470954,0.018300061858626204,-0.04612805465957881
split_029_2022-03-31_2024-07-03,markowitz,2022-03-31,2024-04-03,2024-04-04,2024-07-03,3,1.0,0.001,0.19631826577588862,0.10243953561923767,1.8008555240991513,2.8101299944736904,0.045831415662918706,-0.04416272565002566
split_029_2022-03-31_2024-07-03,black_litterman,2022-03-31,2024-04-03,2024-04-04,2024-07-03,3,1.0,0.001,0.19631826577588862,0.10243953561923767,1.8008555240991513,2.8101299944736904,0.045831415662918706,-0.04416272565002566
split_030_2022-07-01_2024-10-02,equal_weight,2022-07-01,2024-07-03,2024-07-05,2024-10-02,3,1.0,0.001,0.2568082970803698,0.12985328051454811,1.824996308701785,2.703833393224942,0.05880811155213972,-0.057271224487383976
split_030_2022-07-01_2024-10-02,markowitz,2022-07-01,2024-07-03,2024-07-05,2024-10-02,3,1.0,0.001,0.15438401332586027,0.15329522917663035,1.0123975158654426,1.4190308116265133,0.036543603449829876,-0.07958679241860778
split_030_2022-07-01_2024-10-02,black_litterman,2022-07-01,2024-07-03,2024-07-05,2024-10-02,3,1.05724,0.0010572399999999999,0.15164830874056556,0.15356342888505076,0.9954316587249784,1.399433274840753,0.03592894650236578,-0.07958679241860778
split_031_2022-09-30_2025-01-02,equal_weight,2022-09-30,2024-10-02,2024-10-03,2025-01-02,3,1.0,0.001,-0.11987297304647704,0.10829342216912144,-1.1252509610895312,-1.4587467590634569,-0.03141812162560276,-0.05641114808169545
split_031_2022-09-30_2025-01-02,markowitz,2022-09-30,2024-10-02,2024-10-03,2025-01-02,3,1.11558,0.0011155800000000001,-0.06328898385926263,0.10444784029138596,-0.5742140570696459,-0.6978996770642074,-0.016212258014276504,-0.04124109635384232
split_031_2022-09-30_2025-01-02,black_litterman,2022-09-30,2024-10-02,2024-10-03,2025-01-02,3,1.2346,0.0012346,-0.07882483331061707,0.108455820551757,-0.7032067768575947,-0.8288271593148571,-0.0203170374323961,-0.04315539713391692
split_032_2022-12-30_2025-04-04,equal_weight,2022-12-30,2025-01-02,2025-01-03,2025-04-04,3,1.0,0.001,-0.23711447279919262,0.1548484550398213,-1.669932053946058,-1.896676991933023,-0.06542352685020336,-0.10427932740915447
split_032_2022-12-30_2025-04-04,markowitz,2022-12-30,2025-01-02,2025-01-03,2025-04-04,3,1.09886,0.00109886,-0.30161782948636684,0.19942832639375976,-1.6987261659199209,-1.6645803768989706,-0.08583774459419391,-0.13955319402097532
split_032_2022-12-30_2025-04-04,black_litterman,2022-12-30,2025-01-02,2025-01-03,2025-04-04,3,1.19252,0.00119252,-0.3329303506534963,0.2015983729875768,-1.9055171297399724,-1.9203230504058009,-0.09626147634847082,-0.14656877235101828
split_033_2023-04-03_2025-07-08,equal_weight,2023-04-03,2025-04-04,2025-04-07,2025-07-08,3,1.0,0.001,0.7145034238385202,0.19809985816677367,2.820225163387897,4.358945879788966,0.14428601231741012,-0.03328204154968262
split_033_2023-04-03_2025-07-08,markowitz,2023-04-03,2025-04-04,2025-04-07,2025-07-08,3,1.0,0.001,1.2312131392436458,0.2399805133496685,3.46371738469475,6.658791124646776,0.22218025926682228,-0.03418045043945317
split_033_2023-04-03_2025-07-08,black_litterman,2023-04-03,2025-04-04,2025-04-07,2025-07-08,3,1.0,0.001,1.2312131392436458,0.2399805133496685,3.46371738469475,6.658791124646776,0.22218025926682228,-0.03418045043945317
split_034_2023-07-05_2025-10-06,equal_weight,2023-07-05,2025-07-08,2025-07-09,2025-10-06,3,1.0,0.001,0.35159358451585354,0.09286053444394214,3.291992014512948,6.639311522907587,0.0782302959911565,-0.02363366695555036
split_034_2023-07-05_2025-10-06,markowitz,2023-07-05,2025-07-08,2025-07-09,2025-10-06,3,1.0,0.001,0.349834602260235,0.08887834274932284,3.4208360017908386,7.20136625233286,0.07787931876783305,-0.030403771827174686
split_034_2023-07-05_2025-10-06,black_litterman,2023-07-05,2025-07-08,2025-07-09,2025-10-06,3,1.0581,0.0010581,0.3491818125932735,0.08905806838163594,3.408670544737193,7.000688778975968,0.0777489775909832,-0.030403771827174686
