split,family,family_label,full_rmse,ablated_rmse,is_outlier_rmse,outlier_reason,delta_mae,delta_rmse,delta_direction_acc,delta_net_ann_return,delta_net_sharpe,delta_net_sortino,delta_net_max_drawdown,delta_turnover_total,delta_tc_total
split_001_2015-03-31_2017-06-28,return_level,Return-level family,0.02259630337357521,0.013090305030345917,False,,-0.006437056697905064,-0.009505998343229294,0.003968253968253954,-0.11127594477031466,-1.3762700304724418,-1.599833531149665,0.0035194525291413203,0.8108055961844318,0.0008108055961844316
split_001_2015-03-31_2017-06-28,volatility,Volatility family,0.02259630337357521,0.011520667001605034,False,,-0.0072659337893128395,-0.011075636371970177,-0.023809523809523836,-0.02774318911676188,-0.052711769567652667,0.41638329160258447,-0.006529586087294925,-0.2999999999999998,-0.0002999999999999999
split_001_2015-03-31_2017-06-28,momentum,Momentum family,0.02259630337357521,0.015803759917616844,False,,-0.0038815857842564583,-0.006792543455958366,0.031746031746031744,-0.08044193157557755,-0.5750281008922364,-0.6851127542955258,-0.0020981940091447937,0.3999999999999999,0.00039999999999999975
split_001_2015-03-31_2017-06-28,macd,MACD family,0.02259630337357521,0.01980637013912201,False,,-0.0027037616819143295,-0.0027899332344532013,0.011904761904761918,-0.05506763455445074,-1.5450685438399714,-2.110795263253923,0.005145796350145004,-1.6312740808899768,-0.0016312740808899768
split_001_2015-03-31_2017-06-28,rsi,RSI family,0.02259630337357521,0.020963720977306366,False,,-0.0010037915781140327,-0.0016325823962688446,0.04365079365079366,0.00404579113748138,-0.8445392498234319,-1.121452369921358,0.0051960129182042625,-0.9546745843415261,-0.0009546745843415261
split_001_2015-03-31_2017-06-28,volume,Volume family,0.02259630337357521,0.02367357350885868,False,,0.001633964478969574,0.0010772701352834702,0.02777777777777779,-0.023188011420701704,-1.191859373651298,-1.6437541416591275,0.005100794385820229,-1.1426815625445226,-0.0011426815625445227
split_002_2015-06-30_2017-09-27,return_level,Return-level family,0.019375551491975784,0.013077394105494022,False,,-0.004641384817659855,-0.006298157386481762,0.023809523809523836,0.01924871662169525,0.6111457719498445,1.031152040750284,-0.026569570277004795,-0.18050316527513477,-0.00018050316527513455
split_002_2015-06-30_2017-09-27,volatility,Volatility family,0.019375551491975784,0.012299487367272377,False,,-0.00547234620898962,-0.007076064124703407,0.051587301587301626,0.017421965449452737,0.5955182371357692,1.014675440112816,-0.02490272468607546,-0.7856961596782592,-0.0007856961596782591
split_002_2015-06-30_2017-09-27,momentum,Momentum family,0.019375551491975784,0.01796692982316017,False,,-0.0008608978241682053,-0.0014086216688156128,0.05555555555555558,0.15378935343546296,2.1484485244804508,3.133387166648297,-0.026569570277004795,0.21949683472486559,0.00021949683472486563
split_002_2015-06-30_2017-09-27,macd,MACD family,0.019375551491975784,0.01862974278628826,False,,-0.0007721111178398132,-0.0007458087056875229,0.06349206349206349,0.16706356140557788,2.422698391004823,3.4749902551794394,-0.018044779484843843,-0.2805031652751344,-0.0002805031652751344
split_002_2015-06-30_2017-09-27,rsi,RSI family,0.019375551491975784,0.01877199299633503,False,,-0.0012457715347409248,-0.0006035584956407547,0.05555555555555558,-0.0026428592893499303,0.3077612533469274,0.605185973854462,-0.021119776341780194,-0.5805031652751347,-0.0005805031652751347
split_002_2015-06-30_2017-09-27,volume,Volume family,0.019375551491975784,0.023522434756159782,False,,0.003980277106165886,0.004146883264183998,0.0753968253968254,0.11271398725978798,1.613022000361322,2.446187028159428,-0.01669729542234266,0.7528301680581988,0.0007528301680581992
split_003_2015-09-29_2017-12-27,return_level,Return-level family,0.04302212968468666,0.014533521607518196,False,,-0.022764069959521294,-0.028488608077168465,0.08333333333333331,-0.07022791356656244,-1.8870830006809611,-3.7811913153496803,0.008850066618776409,-0.9619339008378391,-0.0009619339008378391
split_003_2015-09-29_2017-12-27,volatility,Volatility family,0.04302212968468666,0.012749885208904743,False,,-0.024201519787311554,-0.030272244475781918,0.059523809523809534,-0.014473088263302625,-0.7281792701939662,-1.8628315844164316,0.005596815950209,-0.6276010661445741,-0.0006276010661445744
split_003_2015-09-29_2017-12-27,momentum,Momentum family,0.04302212968468666,0.017270199954509735,False,,-0.019900123588740826,-0.025751929730176926,0.05555555555555558,0.0017482717428631833,-0.2961131370615151,-0.36174402623274826,1.1102230246251565e-16,-1.0121817506768886,-0.0010121817506768887
split_003_2015-09-29_2017-12-27,macd,MACD family,0.04302212968468666,0.020411845296621323,False,,-0.017935363575816154,-0.022610284388065338,0.05555555555555558,-0.0028570998855226293,0.14802340087898713,0.20644959419861753,0.0013223754385714992,-0.14551508401022195,-0.0001455150840102221
split_003_2015-09-29_2017-12-27,rsi,RSI family,0.04302212968468666,0.021214956417679787,False,,-0.01659655012190342,-0.021807173267006874,0.031746031746031744,0.0160369579393409,0.3439562155034399,0.5699247899079936,0.0013223754385716102,0.1872273039661927,0.0001872273039661928
split_003_2015-09-29_2017-12-27,volume,Volume family,0.04302212968468666,0.02103612944483757,False,,-0.017342545092105865,-0.02198600023984909,0.06746031746031744,-0.05568740030001473,-0.7071693051915857,-1.7770711775079082,0.006081048193531058,-0.48445634628087575,-0.0004844563462808758
split_004_2015-12-29_2018-03-29,return_level,Return-level family,0.09671139717102051,0.02351374365389347,True,rmse_above_iqr_upper(0.088579),-0.052545810118317604,-0.07319765351712704,0.00396825396825401,0.17845102143127356,1.2920082189766027,1.6228440838383247,-0.012344142261977331,-1.3927046192493524,-0.0013927046192493521
split_004_2015-12-29_2018-03-29,volatility,Volatility family,0.09671139717102051,0.022232115268707275,True,rmse_above_iqr_upper(0.088579),-0.05264141596853733,-0.07447928190231323,-0.051587301587301626,0.07723856253132633,0.6284351339996819,0.8040688487843757,-0.003556823223483385,-1.145946718266285,-0.001145946718266285
split_004_2015-12-29_2018-03-29,momentum,Momentum family,0.09671139717102051,0.027418162673711777,True,rmse_above_iqr_upper(0.088579),-0.05079299211502075,-0.06929323449730873,-0.0714285714285714,0.18437891264550899,1.329998733036195,1.6841237840608008,-0.016415882278683736,-0.37478918236387226,-0.0003747891823638722
split_004_2015-12-29_2018-03-29,macd,MACD family,0.09671139717102051,0.029359176754951477,True,rmse_above_iqr_upper(0.088579),-0.047075143083930016,-0.06735222041606903,-0.023809523809523836,0.16094750194369944,1.1720917988076005,1.4726075923687176,-0.015543320577096842,-0.6328100211532153,-0.0006328100211532152
split_004_2015-12-29_2018-03-29,rsi,RSI family,0.09671139717102051,0.034745778888463974,True,rmse_above_iqr_upper(0.088579),-0.04426012746989727,-0.061965618282556534,-0.023809523809523836,0.26032007481340713,1.9908106935288945,2.466782463094475,-0.005827598272107881,-0.5937814236339181,-0.0005937814236339181
split_004_2015-12-29_2018-03-29,volume,Volume family,0.09671139717102051,0.04642718285322189,True,rmse_above_iqr_upper(0.088579),-0.03776047006249428,-0.050284214317798615,0.00396825396825401,0.06536375329647681,0.5276659020949892,0.6562353675183488,0.010809160465987455,0.10860457201998974,0.00010860457201998996
split_005_2016-03-31_2018-06-28,return_level,Return-level family,0.023124556988477707,0.02142174355685711,False,,-0.0017965417355298996,-0.0017028134316205978,0.04365079365079366,-0.0020905861782793966,-0.17952746532508745,-0.43016480618514197,-0.0030389952756032512,1.1701453275646054,0.0011701453275646057
split_005_2016-03-31_2018-06-28,volatility,Volatility family,0.023124556988477707,0.018211161717772484,False,,-0.0036945724859833717,-0.004913395270705223,0.02777777777777779,0.1433172619729186,1.5090937367093864,2.0353425192697117,-0.004278199108378233,0.6936817327428844,0.0006936817327428844
split_005_2016-03-31_2018-06-28,momentum,Momentum family,0.023124556988477707,0.029095211997628212,False,,0.002529297024011612,0.005970655009150505,0.05158730158730157,0.020378778655222973,-0.09140564989693856,-0.2614486370132747,-0.0030389952756038063,0.3603483994095513,0.00036034839940955136
split_005_2016-03-31_2018-06-28,macd,MACD family,0.023124556988477707,0.02976219169795513,False,,0.004964666441082954,0.006637634709477425,0.05158730158730157,-0.023649804600760493,-0.3189481158745714,-0.4847466140660426,0.00023214747455946316,1.4936817327428846,0.0014936817327428848
split_005_2016-03-31_2018-06-28,rsi,RSI family,0.023124556988477707,0.03298747166991234,False,,0.004976736381649971,0.009862914681434631,0.0357142857142857,0.027685767542956485,0.16145755594997802,0.1954632643128944,-0.0030389952756034733,0.6270150660762184,0.0006270150660762186
split_005_2016-03-31_2018-06-28,volume,Volume family,0.023124556988477707,0.029754837974905968,False,,0.005340477451682091,0.006630280986428261,0.055555555555555525,-0.011636389248035561,-0.10917259769348975,-0.16203403520510795,0.0019470548641068453,0.6269402587199631,0.0006269402587199633
split_006_2016-06-29_2018-09-27,return_level,Return-level family,0.05418483167886734,0.01714969426393509,False,,-0.029326900839805603,-0.03703513741493225,0.023809523809523836,0.08776151778428143,1.139192352850327,1.992998988546634,0.004913823997640732,-1.2569813283228606,-0.0012569813283228605
split_006_2016-06-29_2018-09-27,volatility,Volatility family,0.05418483167886734,0.01905522495508194,False,,-0.028637229464948177,-0.0351296067237854,-0.02380952380952378,0.09323095107872859,1.2884601077954996,2.2357506930599795,0.0059106803197714886,-0.7750372798694545,-0.0007750372798694546
split_006_2016-06-29_2018-09-27,momentum,Momentum family,0.05418483167886734,0.015333784744143486,False,,-0.03061292227357626,-0.038851046934723854,-0.06349206349206354,0.19170124089260865,2.8189662891849885,4.455518464225924,-0.0011920740709706612,-0.1858453509258884,-0.0001858453509258882
split_006_2016-06-29_2018-09-27,macd,MACD family,0.05418483167886734,0.021116560325026512,False,,-0.026209313422441483,-0.03306827135384083,0.059523809523809534,0.13142344314381416,1.7636988677211658,2.9431711477516305,0.011313102225474991,-0.9417039465361214,-0.0009417039465361215
split_006_2016-06-29_2018-09-27,rsi,RSI family,0.05418483167886734,0.02149757742881775,False,,-0.026857289485633373,-0.03268725425004959,-0.019841269841269826,0.04695272414556828,0.5035610308446001,0.8418311840087149,0.01857841768821311,0.8550220842676839,0.000855022084267684
split_006_2016-06-29_2018-09-27,volume,Volume family,0.05418483167886734,0.02629975974559784,False,,-0.02316756173968315,-0.0278850719332695,-0.003968253968253954,0.07903012597863057,0.8802611824947133,1.4581587851661189,0.011360130319839512,-1.0750372798694547,-0.001075037279869455
split_007_2016-09-28_2018-12-28,return_level,Return-level family,0.04624777287244797,0.0357973650097847,False,,-0.008246282115578651,-0.010450407862663269,-0.023809523809523836,0.12205463893291257,0.6954842955587832,0.745711099960277,-0.04409223458414191,-0.792001897505731,-0.0007920018975057308
split_007_2016-09-28_2018-12-28,volatility,Volatility family,0.04624777287244797,0.031814415007829666,False,,-0.011646382510662079,-0.014433357864618301,-0.06746031746031744,0.13708148986661295,1.1449948316337393,1.1607739136141295,-0.05029979539820484,0.33488606532993215,0.0003348860653299324
split_007_2016-09-28_2018-12-28,momentum,Momentum family,0.04624777287244797,0.03615051880478859,False,,-0.008767705410718918,-0.010097254067659378,-0.003968253968253954,0.05659154260095012,0.6173768190551332,0.626901328451591,-0.013243120285763132,-0.4426717033905483,-0.000442671703390548
split_007_2016-09-28_2018-12-28,macd,MACD family,0.04624777287244797,0.04667112976312637,False,,-0.0003896169364452362,0.00042335689067840576,-0.015873015873015872,0.012003819677581795,0.14253465764857776,0.16697700105163005,-0.007019184165873438,-0.4202838441826917,-0.00042028384418269166
split_007_2016-09-28_2018-12-28,rsi,RSI family,0.04624777287244797,0.06397277861833572,False,,0.0067233070731163025,0.017725005745887756,-0.031746031746031744,0.09466413110331351,0.5857241077092827,0.6158022252795354,-0.029702472721899187,0.10594940109836948,0.00010594940109836951
split_007_2016-09-28_2018-12-28,volume,Volume family,0.04624777287244797,0.06317117065191269,False,,0.0078110285103321075,0.01692339777946472,-0.031746031746031744,-0.03789176386054527,0.00891687748683001,0.019107773676662276,0.027603313642274308,1.118607922394288,0.0011186079223942879
split_008_2016-12-28_2019-04-01,return_level,Return-level family,0.04177822545170784,0.02632521651685238,False,,-0.01277838833630085,-0.015453008934855461,-0.03968253968253965,-0.028475251977494676,1.5588956231616793,3.8786890780376853,-0.008484379404100295,0.4232672629031282,0.00042326726290312826
split_008_2016-12-28_2019-04-01,volatility,Volatility family,0.04177822545170784,0.02875519171357155,False,,-0.009238800033926964,-0.013023033738136292,0.019841269841269826,0.05722653853763027,1.0084860433314464,1.9973614033568783,-0.0035342437354020095,0.3077772739806779,0.00030777727398067795
split_008_2016-12-28_2019-04-01,momentum,Momentum family,0.04177822545170784,0.04415403679013252,False,,-0.0009111780673265457,0.0023758113384246826,0.011904761904761918,0.06291563757573182,1.2826770276255495,3.447637161856976,-0.007665638152687948,-0.2968874838037312,-0.00029688748380373147
split_008_2016-12-28_2019-04-01,macd,MACD family,0.04177822545170784,0.036309219896793365,False,,-0.004818513989448547,-0.0054690055549144745,-0.04761904761904767,-0.01483302131030162,-1.1224030488842587,-2.629841763206475,-0.0002154313200396496,0.40086965917762196,0.0004008696591776221
split_008_2016-12-28_2019-04-01,rsi,RSI family,0.04177822545170784,0.034150153398513794,False,,-0.007212737575173378,-0.007628072053194046,0.031746031746031744,-0.16943344702776186,0.8217396946217619,2.35740971505963,-0.009323499455791806,-0.5002321664554179,-0.0005002321664554178
split_008_2016-12-28_2019-04-01,volume,Volume family,0.04177822545170784,0.039636339992284775,False,,-0.0025370512157678604,-0.002141885459423065,-0.06349206349206349,-0.02977164530549259,1.1401618403539153,2.6990752233793156,-0.010809077802271916,-0.17306623884217398,-0.00017306623884217383
split_009_2017-03-30_2019-07-01,return_level,Return-level family,0.031237175688147545,0.01626364141702652,False,,-0.012225639075040817,-0.014973534271121025,-0.00793650793650802,0.27963957452708854,3.1195909344487798,5.546869108870886,-0.03684421419003414,-0.6346906713880047,-0.0006346906713880049
split_009_2017-03-30_2019-07-01,volatility,Volatility family,0.031237175688147545,0.0194172952324152,False,,-0.009517187252640724,-0.011819880455732346,0.12301587301587297,0.13303127047606234,1.751527175120211,3.5619999333164145,-0.02877474138856395,-0.35389399950672695,-0.00035389399950672704
split_009_2017-03-30_2019-07-01,momentum,Momentum family,0.031237175688147545,0.01869288459420204,False,,-0.009992375038564205,-0.012544291093945503,0.06746031746031744,-0.10027762337586776,-0.6497840399965389,-2.099256497969777,-0.0012293328316936858,1.1094001640753857,0.0011094001640753852
split_009_2017-03-30_2019-07-01,macd,MACD family,0.031237175688147545,0.018268512561917305,False,,-0.009962542913854122,-0.01296866312623024,0.055555555555555525,0.34162326503170015,3.6806964665518143,6.240789410448737,-0.0558601208018511,0.21136106875816507,0.00021136106875816471
split_009_2017-03-30_2019-07-01,rsi,RSI family,0.031237175688147545,0.019392915070056915,False,,-0.010164798237383366,-0.01184426061809063,0.023809523809523725,0.10822938113641145,1.5165883859310267,3.202651744236125,-0.023947122072325633,-0.6246416102592862,-0.0006246416102592862
split_009_2017-03-30_2019-07-01,volume,Volume family,0.031237175688147545,0.025968968868255615,False,,-0.005630878731608391,-0.00526820681989193,0.03968253968253965,-0.02655758706375333,-0.9302021537472709,-2.2399299712347034,0.006273234349260082,-0.2872273328400605,-0.0002872273328400608
split_010_2017-06-29_2019-09-30,return_level,Return-level family,73.55513763427734,16.235137939453125,True,rmse_above_iqr_upper(0.088579); rmse_robust_z_gt_3.5(4367.83); rmse_gt_1.0,-3.6319985389709473,-57.31999969482422,0.06746031746031744,-0.0501920844880146,-0.18599413366727147,-0.19625116322689928,0.03994737921142366,-1.2332376947210006,-0.0012332376947210007
split_010_2017-06-29_2019-09-30,volatility,Volatility family,73.55513763427734,42.40260696411133,True,rmse_above_iqr_upper(0.088579); rmse_robust_z_gt_3.5(4367.83); rmse_gt_1.0,-1.9821202754974365,-31.152530670166016,0.007936507936507908,-0.09050293491853789,-0.5179893763759295,-0.6359418173176883,0.045013850734826,-0.23781670546755507,-0.0002378167054675551
split_010_2017-06-29_2019-09-30,momentum,Momentum family,73.55513763427734,57.559207916259766,True,rmse_above_iqr_upper(0.088579); rmse_robust_z_gt_3.5(4367.83); rmse_gt_1.0,-1.0228910446166992,-15.995929718017578,0.003968253968253954,-0.13456547361132387,-0.9878106032226638,-1.2801865327147908,0.04631610269627917,-0.3174915316100151,-0.00031749153161001516
split_010_2017-06-29_2019-09-30,macd,MACD family,73.55513763427734,36.900840759277344,True,rmse_above_iqr_upper(0.088579); rmse_robust_z_gt_3.5(4367.83); rmse_gt_1.0,-2.327331781387329,-36.654296875,-0.035714285714285754,-0.09253850836747857,-0.5580804061573523,-0.702242475509205,0.03621651951548721,-0.5395699945027279,-0.0005395699945027282
split_010_2017-06-29_2019-09-30,rsi,RSI family,73.55513763427734,34.80437469482422,True,rmse_above_iqr_upper(0.088579); rmse_robust_z_gt_3.5(4367.83); rmse_gt_1.0,-2.4602913856506348,-38.750762939453125,0.055555555555555525,-0.021965075622505603,-0.10355419946665634,-0.13505859359650063,0.006067270124372914,-0.03956999450272791,-3.956999450272815e-05
split_010_2017-06-29_2019-09-30,volume,Volume family,73.55513763427734,0.033354200422763824,True,rmse_above_iqr_upper(0.088579); rmse_robust_z_gt_3.5(4367.83); rmse_gt_1.0,-4.645661072805524,-73.52178343385458,0.04365079365079366,-0.15332912356845652,-1.1783347369129986,-1.5427902322527558,0.03687236679351924,-1.2395699945027276,-0.0012395699945027278
split_011_2017-09-28_2019-12-30,return_level,Return-level family,0.04418833926320076,0.032153766602277756,False,,-0.010198352858424187,-0.012034572660923004,-0.05555555555555558,0.0125231957034444,0.07434838783978992,0.16597924046578427,-0.001307495557582583,0.21856247804635864,0.00021856247804635884
split_011_2017-09-28_2019-12-30,volatility,Volatility family,0.04418833926320076,0.01538543775677681,False,,-0.02342001348733902,-0.02880290150642395,-0.10714285714285715,-0.0002172253098182697,0.1293173086307935,0.0856722413244233,-0.0005274031554328706,1.0666666666666667,0.0010666666666666667
split_011_2017-09-28_2019-12-30,momentum,Momentum family,0.04418833926320076,0.030823586508631706,False,,-0.0130204688757658,-0.013364752754569054,-0.08730158730158732,-0.029827156695899637,-0.11434994316258762,-0.04277215891281827,-0.005423662777856664,1.3333333333333333,0.0013333333333333335
split_011_2017-09-28_2019-12-30,macd,MACD family,0.04418833926320076,0.021653350442647934,False,,-0.017710229381918907,-0.022534988820552826,-0.10714285714285715,-0.05242307408960167,-0.6350708084391086,-0.8919055777751068,8.470624446976771e-06,1.466666666666667,0.001466666666666667
split_011_2017-09-28_2019-12-30,rsi,RSI family,0.04418833926320076,0.019557874649763107,False,,-0.02037526573985815,-0.024630464613437653,-0.16666666666666669,0.09988818773341168,0.8933399844654148,1.260665796981314,-0.004183009418550987,0.8851966343590016,0.0008851966343590015
split_011_2017-09-28_2019-12-30,volume,Volume family,0.04418833926320076,0.02578776516020298,False,,-0.017000947147607803,-0.01840057410299778,-0.0753968253968254,-0.11248029526318448,-1.22549683970232,-1.8762572045817842,-0.0005956514861348294,0.9333333333333338,0.0009333333333333338
split_012_2017-12-28_2020-03-31,return_level,Return-level family,0.11822770535945892,0.06125164404511452,True,rmse_above_iqr_upper(0.088579); rmse_robust_z_gt_3.5(4.43),-0.033617276698350906,-0.056976061314344406,-0.12698412698412698,-0.13074387463082038,0.10492656824310442,0.08240789957404071,0.07237972370345735,-0.24360056168391564,-0.0002436005616839156
split_012_2017-12-28_2020-03-31,volatility,Volatility family,0.11822770535945892,0.06458547711372375,True,rmse_above_iqr_upper(0.088579); rmse_robust_z_gt_3.5(4.43),-0.033258311450481415,-0.05364222824573517,-0.059523809523809534,-0.022951452648675152,0.23339036554848502,0.22300923808946127,0.028692479269966986,0.5861734316842546,0.0005861734316842549
split_012_2017-12-28_2020-03-31,momentum,Momentum family,0.11822770535945892,0.12207940220832825,True,rmse_above_iqr_upper(0.088579); rmse_robust_z_gt_3.5(4.43),-0.006913229823112488,0.0038516968488693237,-0.003968253968253954,0.01318336524375463,0.09997223873670658,0.06641996724201205,0.006554542062359059,0.6145097872048821,0.0006145097872048821
split_012_2017-12-28_2020-03-31,macd,MACD family,0.11822770535945892,0.12477394193410873,True,rmse_above_iqr_upper(0.088579); rmse_robust_z_gt_3.5(4.43),-0.0026689693331718445,0.006546236574649811,-0.047619047619047616,-0.4761290301576584,-0.9789569515416859,-1.2267987507144922,0.16656551809430464,-0.4569280874488415,-0.00045692808744884125
split_012_2017-12-28_2020-03-31,rsi,RSI family,0.11822770535945892,0.10445938259363174,True,rmse_above_iqr_upper(0.088579); rmse_robust_z_gt_3.5(4.43),-0.012509550899267197,-0.013768322765827179,-0.09523809523809523,-0.599268137675336,-1.542891057653207,-1.9393448507209352,0.17177008183191322,-0.9589682706342537,-0.0009589682706342534
split_012_2017-12-28_2020-03-31,volume,Volume family,0.11822770535945892,0.1817474514245987,True,rmse_above_iqr_upper(0.088579); rmse_robust_z_gt_3.5(4.43),0.02201683819293976,0.06351974606513977,-0.019841269841269826,-0.2422936194438594,-0.07124492738305088,-0.09791347253664684,0.109996391781916,0.9897327716494182,0.0009897327716494185
split_013_2018-04-02_2020-06-30,return_level,Return-level family,0.18469467759132385,0.08972781151533127,True,rmse_above_iqr_upper(0.088579); rmse_robust_z_gt_3.5(8.38),-0.07530305534601212,-0.09496686607599258,0.047619047619047616,-0.01248264835779933,0.03250153955952273,0.6253408492138246,-0.017933041210546397,1.1666666666666667,0.0011666666666666668
split_013_2018-04-02_2020-06-30,volatility,Volatility family,0.18469467759132385,0.04299573600292206,True,rmse_above_iqr_upper(0.088579); rmse_robust_z_gt_3.5(8.38),-0.11268112435936928,-0.1416989415884018,0.031746031746031744,0.05388113378266568,0.019689737700570475,0.633206373408556,-0.017933041210546175,0.7666666666666668,0.000766666666666667
split_013_2018-04-02_2020-06-30,momentum,Momentum family,0.18469467759132385,0.16033446788787842,True,rmse_above_iqr_upper(0.088579); rmse_robust_z_gt_3.5(8.38),-0.014466971158981323,-0.024360209703445435,-0.07936507936507942,-0.005282108180826084,0.45090759267581415,1.2327682054999998,-0.042321617920034305,0.8331665424944068,0.000833166542494407
split_013_2018-04-02_2020-06-30,macd,MACD family,0.18469467759132385,0.08295898884534836,True,rmse_above_iqr_upper(0.088579); rmse_robust_z_gt_3.5(8.38),-0.0878976471722126,-0.1017356887459755,-0.015873015873015928,-0.4544864841230112,0.18473636014060046,0.6770850325904707,-0.054603919830301884,0.17965502789633114,0.00017965502789633121
split_013_2018-04-02_2020-06-30,rsi,RSI family,0.18469467759132385,0.1541258543729782,True,rmse_above_iqr_upper(0.088579); rmse_robust_z_gt_3.5(8.38),-0.04530792683362961,-0.030568823218345642,-0.05555555555555558,-0.4662603476670073,0.09201561779988232,0.4527093018804016,-0.04191890952012389,-0.06340958396753638,-6.340958396753638e-05
split_013_2018-04-02_2020-06-30,volume,Volume family,0.18469467759132385,0.17228226363658905,True,rmse_above_iqr_upper(0.088579); rmse_robust_z_gt_3.5(8.38),-0.016137823462486267,-0.012412413954734802,0.02777777777777779,-0.4085902202595899,0.19524828491436974,0.6659653658189524,-0.04102468178050889,0.5662906669741179,0.0005662906669741182
split_014_2018-06-29_2020-09-29,return_level,Return-level family,0.02454766258597374,0.021507710218429565,False,,-0.0026805344969034195,-0.003039952367544174,0.01984126984126977,0.01062801388081458,1.4531537352308943,2.6811388740657502,-0.038063959965262795,-0.2649793135810792,-0.0002649793135810789
split_014_2018-06-29_2020-09-29,volatility,Volatility family,0.02454766258597374,0.018441909924149513,False,,-0.00443839468061924,-0.006105752661824226,0.02777777777777779,0.006400241848018684,1.1147254411282628,2.1791254951303567,-0.025706720716670795,0.2988381167818317,0.0002988381167818321
split_014_2018-06-29_2020-09-29,momentum,Momentum family,0.02454766258597374,0.055416129529476166,False,,0.0238651093095541,0.030868466943502426,0.0357142857142857,0.013297512239679232,0.1706509559362379,0.4215606705129833,-0.004032717348236181,0.30652065113258287,0.000306520651132583
split_014_2018-06-29_2020-09-29,macd,MACD family,0.02454766258597374,0.022075604647397995,False,,-0.0018459856510162354,-0.0024720579385757446,0.04365079365079361,-0.08234569816183535,0.41034122121104577,1.333302786166222,-0.029576932372773146,0.6000000000000001,0.0006000000000000003
split_014_2018-06-29_2020-09-29,rsi,RSI family,0.02454766258597374,0.02795995958149433,False,,-0.00038217194378376007,0.0034122969955205917,-0.00793650793650802,0.14248686011053735,1.9870090946736785,3.5610173825852067,-0.04118180818485773,1.1576182573933984,0.0011576182573933987
split_014_2018-06-29_2020-09-29,volume,Volume family,0.02454766258597374,0.03289284184575081,False,,0.00621880404651165,0.008345179259777069,0.031746031746031744,0.019427398281737007,0.565641375567973,0.9110815788393047,0.004503881609979166,-0.16666666666666652,-0.00016666666666666653
split_015_2018-09-28_2020-12-29,return_level,Return-level family,0.032569266855716705,0.023133233189582825,False,,-0.007853414863348007,-0.00943603366613388,-0.11904761904761901,0.3644608509222975,2.2591414249247888,4.092779594867702,-0.0304876151370842,-0.26666666666666705,-0.0002666666666666672
split_015_2018-09-28_2020-12-29,volatility,Volatility family,0.032569266855716705,0.02920934557914734,False,,-0.0024897996336221695,-0.0033599212765693665,-0.05555555555555558,0.19835778621383127,1.3870499583442872,2.6879579958790862,-0.025341961496419985,-0.3893974643493201,-0.00038939746434931994
split_015_2018-09-28_2020-12-29,momentum,Momentum family,0.032569266855716705,0.021451037377119064,False,,-0.007243059575557709,-0.011118229478597641,-0.06746031746031744,0.22529823301308483,1.6006866518749319,2.9174821545104495,-0.023078195621340836,-0.17245405064407837,-0.00017245405064407818
split_015_2018-09-28_2020-12-29,macd,MACD family,0.032569266855716705,0.021934298798441887,False,,-0.007099170237779617,-0.010634968057274818,-0.1111111111111111,-0.2970375999810717,-0.10753979031535321,-0.19663089647221543,-0.018277971568667062,-1.4442274381359237,-0.0014442274381359236
split_015_2018-09-28_2020-12-29,rsi,RSI family,0.032569266855716705,0.025314731523394585,False,,-0.006291523575782776,-0.007254535332322121,-0.13492063492063494,-0.41041203942478055,-0.513839000263073,-1.0373312341473717,-0.01706562404000711,-0.44747455383422885,-0.0004474745538342287
split_015_2018-09-28_2020-12-29,volume,Volume family,0.032569266855716705,0.028674544766545296,False,,-0.0026179272681474686,-0.0038947220891714096,-0.08333333333333331,-0.39213019416561545,-0.3243232117615502,-0.746196401211856,-0.015384525071449717,-1.0728857512626555,-0.0010728857512626554
split_016_2018-12-31_2021-03-31,return_level,Return-level family,0.03114761970937252,0.018022459000349045,False,,-0.009572235867381096,-0.013125160709023476,-0.039682539682539764,-0.06080522908685437,-0.44330435481113206,-0.5945050308005919,0.02830364926362583,-0.704749616050858,-0.0007047496160508581
split_016_2018-12-31_2021-03-31,volatility,Volatility family,0.03114761970937252,0.0193718783557415,False,,-0.009046681225299835,-0.01177574135363102,0.003968253968253954,-0.26072313664961544,-1.0176281052626095,-1.5308812794398967,0.002199520537057298,0.07898530297618223,7.898530297618207e-05
split_016_2018-12-31_2021-03-31,momentum,Momentum family,0.03114761970937252,0.02042236365377903,False,,-0.008045006543397903,-0.01072525605559349,0.02380952380952378,0.139407841361458,0.9053913044073387,1.2574986517400164,-0.0012713437925507831,-0.1823875966330326,-0.00018238759663303248
split_016_2018-12-31_2021-03-31,macd,MACD family,0.03114761970937252,0.022707443684339523,False,,-0.006358012557029724,-0.008440176025032997,-0.019841269841269882,0.1694248084623855,1.3879047992688762,1.911328750941577,0.023190791328420612,-0.1784909276005484,-0.00017849092760054835
split_016_2018-12-31_2021-03-31,rsi,RSI family,0.03114761970937252,0.03233727440237999,False,,-0.0005395654588937759,0.0011896546930074692,-0.003968253968253954,-0.12612258550471833,-0.7012326497571116,-1.0801435269522963,0.024713720742835177,-0.3329962834816822,-0.00033299628348168204
split_016_2018-12-31_2021-03-31,volume,Volume family,0.03114761970937252,0.02925984375178814,False,,0.00017956271767616272,-0.001887775957584381,0.06349206349206349,0.222386454379097,1.9231311125818502,2.492989437274053,0.002555087109049836,-1.3850715015785542,-0.0013850715015785542
split_017_2019-04-02_2021-06-30,return_level,Return-level family,0.022600194439291954,0.015345416963100433,False,,-0.005386470817029476,-0.007254777476191521,0.0674603174603175,0.024775371971296423,1.242117101338104,2.7677054740145377,-0.02252212557828881,0.9763200971734833,0.0009763200971734834
split_017_2019-04-02_2021-06-30,volatility,Volatility family,0.022600194439291954,0.016492120921611786,False,,-0.004299630410969257,-0.006108073517680168,0.08730158730158738,0.04568993662287446,0.98759511723126,2.2151127310301333,-0.005358629025037476,0.9590004901929308,0.0009590004901929307
split_017_2019-04-02_2021-06-30,momentum,Momentum family,0.022600194439291954,0.01552539225667715,False,,-0.0051521239802241325,-0.007074802182614803,0.023809523809523836,0.01982521923250391,0.333582695791236,0.9175194372567734,1.1102230246251565e-16,0.5166908544972246,0.0005166908544972245
split_017_2019-04-02_2021-06-30,macd,MACD family,0.022600194439291954,0.018012838438153267,False,,-0.0030106650665402412,-0.004587356001138687,0.04761904761904767,-0.079348236700584,0.4564807828810862,1.454381559321348,-0.014261812130320406,1.4185411816860047,0.0014185411816860045
split_017_2019-04-02_2021-06-30,rsi,RSI family,0.022600194439291954,0.01636267639696598,False,,-0.0050780149176716805,-0.0062375180423259735,0.05952380952380959,0.097978475157245,1.2175547100080613,2.5168268367340874,-0.0005131034885685892,-0.2000653858338799,-0.00020006538583388018
split_017_2019-04-02_2021-06-30,volume,Volume family,0.022600194439291954,0.019623255357146263,False,,-0.0016688182950019836,-0.002976939082145691,0.03571428571428581,-0.015674448586441514,0.8198370485417805,2.0384948783451113,-0.020399514972752275,1.316690854497225,0.0013166908544972248
split_018_2019-07-02_2021-09-29,return_level,Return-level family,0.03967323526740074,0.01539605576545,False,,-0.01977342553436756,-0.02427717950195074,-0.06349206349206349,0.12256761005142491,0.9775324901415885,1.409579903363555,-0.004705413336794306,0.05260422079435312,5.260422079435322e-05
split_018_2019-07-02_2021-09-29,volatility,Volatility family,0.03967323526740074,0.01587284542620182,False,,-0.01922587212175131,-0.02380038984119892,-0.027777777777777735,0.11607815537943778,0.9628920983130095,1.3587352767591545,-0.010837849733518978,0.526573954714856,0.000526573954714856
split_018_2019-07-02_2021-09-29,momentum,Momentum family,0.03967323526740074,0.016889911144971848,False,,-0.018184238113462925,-0.022783324122428894,-0.02380952380952378,0.04870060072011073,0.43220305234769835,0.6102174447236868,0.006216311315986656,0.011494223177910268,1.1494223177910528e-05
split_018_2019-07-02_2021-09-29,macd,MACD family,0.03967323526740074,0.017812244594097137,False,,-0.01736737322062254,-0.021860990673303604,-0.003968253968253954,0.06829412047158345,0.6452308322211547,0.8891044147379692,0.003137198012731379,-0.34009271195181023,-0.0003400927119518102
split_018_2019-07-02_2021-09-29,rsi,RSI family,0.03967323526740074,0.019242089241743088,False,,-0.01723270397633314,-0.020431146025657654,0.0,0.054565545718120334,0.4526968370742646,0.6420136081868014,0.004577595983299654,1.5932406213815233,0.0015932406213815236
split_018_2019-07-02_2021-09-29,volume,Volume family,0.03967323526740074,0.022352231666445732,False,,-0.015560872852802277,-0.01732100360095501,-0.11507936507936511,0.10272800988166686,1.0435433473170521,1.3932781454053629,0.004577595983299654,0.8265739547148567,0.0008265739547148568
split_019_2019-10-01_2021-12-29,return_level,Return-level family,0.05024130269885063,0.015194392763078213,False,,-0.027213717810809612,-0.03504690993577242,-0.02777777777777779,-0.04450637730043239,-0.6650756337531454,-1.442456736118661,0.025091768469396092,1.7319848126809312,0.0017319848126809314
split_019_2019-10-01_2021-12-29,volatility,Volatility family,0.05024130269885063,0.017504824325442314,False,,-0.025695428252220154,-0.03273647837340832,-0.031746031746031744,0.048140630163223674,0.06850337505348492,0.1480408043202921,0.015498597589964636,0.35006943425680914,0.00035006943425680906
split_019_2019-10-01_2021-12-29,momentum,Momentum family,0.05024130269885063,0.017754875123500824,False,,-0.025129081681370735,-0.03248642757534981,-0.06349206349206349,0.06287928552781619,0.34994236896454645,0.6780286376135782,0.00554938670110372,0.514080628016746,0.0005140806280167459
split_019_2019-10-01_2021-12-29,macd,MACD family,0.05024130269885063,0.021469367668032646,False,,-0.02246079407632351,-0.028771935030817986,-0.019841269841269826,0.17151230267056783,1.16685750229647,2.0346420635857267,0.011554821556897132,1.4474139613500796,0.0014474139613500797
split_019_2019-10-01_2021-12-29,rsi,RSI family,0.05024130269885063,0.020639289170503616,False,,-0.024029449559748173,-0.029602013528347015,-0.06349206349206349,0.08761485855888229,0.784954207888533,1.4521746684967731,-0.022629477519601315,0.4877140083985614,0.00048771400839856113
split_019_2019-10-01_2021-12-29,volume,Volume family,0.05024130269885063,0.03309808298945427,False,,-0.015298599377274513,-0.017143219709396362,-0.04365079365079372,0.2214212038462735,1.7160518085424128,2.7833563711090257,-0.02376036770638512,0.6474139613500793,0.0006474139613500793
split_020_2019-12-31_2022-03-30,return_level,Return-level family,0.03228352591395378,0.02179199643433094,False,,-0.006538424640893936,-0.010491529479622841,0.0357142857142857,0.2297278844266597,1.5928609858485092,2.1094169410790586,-0.0068081573913560955,2.162173423584452,0.0021621734235844517
split_020_2019-12-31_2022-03-30,volatility,Volatility family,0.03228352591395378,0.02219642698764801,False,,-0.005530746653676033,-0.010087098926305771,0.04761904761904756,0.2508346357213551,1.7863358431351262,2.4033197804004374,-0.011876674984184654,1.325551577736824,0.001325551577736824
split_020_2019-12-31_2022-03-30,momentum,Momentum family,0.03228352591395378,0.022612348198890686,False,,-0.005657391622662544,-0.009671177715063095,-0.011904761904761973,0.3149399709565407,2.4179540140488665,3.0522594302813917,-0.03091933327399099,0.6955067569177853,0.0006955067569177852
split_020_2019-12-31_2022-03-30,macd,MACD family,0.03228352591395378,0.031231997534632683,False,,-0.00010035000741481781,-0.0010515283793210983,0.003968253968253954,0.14436340991293994,1.1685052335456232,1.6288514891173078,-0.0007036004673008911,0.3288400902511186,0.0003288400902511186
split_020_2019-12-31_2022-03-30,rsi,RSI family,0.03228352591395378,0.03267877548933029,False,,0.0018967222422361374,0.0003952495753765106,0.055555555555555525,0.07720525918151178,0.3387665645361401,0.49806039133813357,-0.0071310139185140065,0.19854094784754217,0.00019854094784754186
split_020_2019-12-31_2022-03-30,volume,Volume family,0.03228352591395378,0.03994715213775635,False,,0.0076386816799640656,0.0076636262238025665,0.019841269841269826,0.01899976861767183,0.07685501290787382,0.11632242208534088,0.01000994025125257,1.3018300358355628,0.0013018300358355627
split_021_2020-04-01_2022-06-30,return_level,Return-level family,0.06979124248027802,0.02968708612024784,False,,-0.03277207165956497,-0.040104156360030174,-0.019841269841269826,-0.1329925746274604,-0.4288688961347238,-0.4908369097894938,0.04594003679980485,-0.2719247157955351,-0.00027192471579553503
split_021_2020-04-01_2022-06-30,volatility,Volatility family,0.06979124248027802,0.02559608407318592,False,,-0.03551036864519119,-0.044195158407092094,-0.055555555555555525,-0.07513075129182945,-0.17622258115135558,-0.2502688057519298,0.031042820722619657,0.6614086175377984,0.0006614086175377983
split_021_2020-04-01_2022-06-30,momentum,Momentum family,0.06979124248027802,0.033552125096321106,False,,-0.03103618696331978,-0.03623911738395691,-0.09920634920634919,-0.03580984169263446,0.1169266785990204,0.09944014732320916,0.01664195500843446,-0.338591382462202,-0.00033859138246220217
split_021_2020-04-01_2022-06-30,macd,MACD family,0.06979124248027802,0.040185876190662384,False,,-0.025253046303987503,-0.02960536628961563,-0.07936507936507942,0.013727364607440284,0.21886273694371683,0.21438388963280008,-0.0022632128226302006,-0.03859138246220173,-3.859138246220181e-05
split_021_2020-04-01_2022-06-30,rsi,RSI family,0.06979124248027802,0.04866179823875427,False,,-0.019686724990606308,-0.021129444241523743,-0.08730158730158732,-0.012254880291906023,0.23017387922307142,0.27930558827980434,0.010774829150572707,-0.03859138246220173,-3.859138246220181e-05
split_021_2020-04-01_2022-06-30,volume,Volume family,0.06979124248027802,0.05774928256869316,False,,-0.013644363731145859,-0.012041959911584854,-0.10317460317460314,0.0022670617156739237,0.026251542117140314,0.12433904577309596,0.005297114200403796,0.9280752842044651,0.0009280752842044651
split_022_2020-07-01_2022-09-29,return_level,Return-level family,0.05083825811743736,0.02984117530286312,False,,-0.0167350135743618,-0.02099708281457424,-0.023809523809523836,-0.17818057801180065,-1.3462860976767024,-1.658512999678831,-0.02281177631192466,-1.2430441531869136,-0.0012430441531869137
split_022_2020-07-01_2022-09-29,volatility,Volatility family,0.05083825811743736,0.026545913890004158,False,,-0.018206287175416946,-0.024292344227433205,0.015873015873015872,-0.08281628298776988,-0.6951605204958515,-0.9177532902918288,-0.017234435785859925,0.5836925756945575,0.0005836925756945574
split_022_2020-07-01_2022-09-29,momentum,Momentum family,0.05083825811743736,0.03998503461480141,False,,-0.00833170861005783,-0.010853223502635956,0.04365079365079361,-0.045814373824827226,-0.44937652312884757,-0.5585454196966368,-0.010175040615535869,-0.26025515177231817,-0.00026025515177231827
split_022_2020-07-01_2022-09-29,macd,MACD family,0.05083825811743736,0.032518867403268814,False,,-0.013931991532444954,-0.01831939071416855,-0.019841269841269882,-0.10154229137935855,-0.7601448000887656,-0.9456232889188703,-0.01244243398977074,0.05130508112107446,5.1305081121074455e-05
split_022_2020-07-01_2022-09-29,rsi,RSI family,0.05083825811743736,0.037043455988168716,False,,-0.010319992899894714,-0.013794802129268646,-0.019841269841269882,-0.11427334717679893,-0.8723932190398507,-1.1023140897287529,-0.01535002804988439,0.02586326731321975,2.5863267313219838e-05
split_022_2020-07-01_2022-09-29,volume,Volume family,0.05083825811743736,0.04712756350636482,False,,-0.003224242478609085,-0.0037106946110725403,-0.07936507936507942,-0.10215638477399613,-0.7727862490046389,-0.927121725305839,-0.021410294099797667,-0.07269120677542107,-7.269120677542117e-05
split_023_2020-09-30_2022-12-29,return_level,Return-level family,0.07625748217105865,0.02536051906645298,False,,-0.038573384284973145,-0.050896963104605675,0.023809523809523836,-0.6015270364921517,-1.933103105465189,-4.0527038866205505,0.00444640110866612,-1.7867952171866133,-0.0017867952171866128
split_023_2020-09-30_2022-12-29,volatility,Volatility family,0.07625748217105865,0.025661585852503777,False,,-0.03837867081165314,-0.05059589631855488,0.019841269841269826,-0.3971046616432874,-1.379384039484056,-2.842304490482773,0.005573378236774507,-0.9548421112121641,-0.0009548421112121636
split_023_2020-09-30_2022-12-29,momentum,Momentum family,0.07625748217105865,0.036954984068870544,False,,-0.029215676710009575,-0.03930249810218811,-0.003968253968253954,-0.4990556999268658,-1.5449471524215346,-3.180704640287015,0.00708231724458086,-2.0974088211274395,-0.0020974088211274393
split_023_2020-09-30_2022-12-29,macd,MACD family,0.07625748217105865,0.037057578563690186,False,,-0.029655300080776215,-0.03919990360736847,-0.019841269841269882,0.2437620054781704,1.1446420520217033,1.901823347449516,-0.014675615887674298,0.1534700688274926,0.00015347006882749335
split_023_2020-09-30_2022-12-29,rsi,RSI family,0.07625748217105865,0.03422808274626732,False,,-0.032219015061855316,-0.042029399424791336,-0.09523809523809523,-0.23905860689546343,-0.7581630013238718,-1.3582141816324358,-0.015571521094401408,-1.3465299311725074,-0.0013465299311725071
split_023_2020-09-30_2022-12-29,volume,Volume family,0.07625748217105865,0.038999348878860474,False,,-0.027426688000559807,-0.03725813329219818,-0.08730158730158732,-0.17889961053449643,-0.496832978229347,-0.8473011074532615,-0.011593148439546952,-1.2059841782359486,-0.0012059841782359484
split_024_2020-12-30_2023-03-31,return_level,Return-level family,0.053680505603551865,0.01691083051264286,False,,-0.030635738745331764,-0.036769675090909004,-0.011904761904761862,-0.24751749951213609,-1.7437879683706334,-3.342949393011643,0.04689746882690882,0.6627853573623756,0.0006627853573623757
split_024_2020-12-30_2023-03-31,volatility,Volatility family,0.053680505603551865,0.019761381670832634,False,,-0.02773134969174862,-0.03391912393271923,0.06349206349206354,-0.10569357422572989,-0.8060694254952914,-1.4425874238788032,0.03392487268295685,0.8042087479614022,0.0008042087479614023
split_024_2020-12-30_2023-03-31,momentum,Momentum family,0.053680505603551865,0.02558205835521221,False,,-0.02459471859037876,-0.028098447248339653,0.05555555555555558,-0.1441223056622707,-0.993979890033309,-1.8533043268326828,0.02603616900467598,1.0627853573623756,0.0010627853573623755
split_024_2020-12-30_2023-03-31,macd,MACD family,0.053680505603551865,0.018035205081105232,False,,-0.029536310583353043,-0.03564530052244663,0.003968253968253954,-0.061130226439663815,-0.5230414798869618,-0.9932173533002251,0.027672389949716547,-0.31487784047422074,-0.0003148778404742209
split_024_2020-12-30_2023-03-31,rsi,RSI family,0.053680505603551865,0.022690093144774437,False,,-0.025534747168421745,-0.030990412458777428,0.1031746031746032,-0.03151250720605048,-0.14761020887824805,-0.22109502196022857,0.004108529522754978,1.6030312974716945,0.0016030312974716944
split_024_2020-12-30_2023-03-31,volume,Volume family,0.053680505603551865,0.021918626502156258,False,,-0.026873070746660233,-0.03176187910139561,0.05952380952380959,-0.008042393694522199,-0.17225147497432491,-0.4507485651103442,0.022307052682628004,0.5418664432459388,0.0005418664432459389
split_025_2021-04-01_2023-07-03,return_level,Return-level family,0.0618399977684021,0.01419578306376934,False,,-0.03929426334798336,-0.04764421470463276,-0.031746031746031744,-0.053221692551250976,-0.44825871045445614,-0.6482626526850105,0.0055864759199436564,0.09798406591009767,9.798406591009744e-05
split_025_2021-04-01_2023-07-03,volatility,Volatility family,0.0618399977684021,0.017311468720436096,False,,-0.03701550979167223,-0.044528529047966,-0.04365079365079361,-0.2010708732473947,-1.746780681731798,-2.942840084176159,0.02122506654589762,0.35898909751427244,0.00035898909751427236
split_025_2021-04-01_2023-07-03,momentum,Momentum family,0.0618399977684021,0.020601170137524605,False,,-0.034561206586658955,-0.041238827630877495,-0.06349206349206349,-0.1419718880859464,-1.3818046913414723,-2.221219464873882,0.00030222649870292884,0.7646507325767642,0.000764650732576764
split_025_2021-04-01_2023-07-03,macd,MACD family,0.0618399977684021,0.018132256343960762,False,,-0.03575648553669453,-0.04370774142444134,-0.05555555555555558,-0.12591984875737827,-1.162306210996183,-1.6958607946617006,0.003396126864993798,0.7509719433372997,0.0007509719433372998
split_025_2021-04-01_2023-07-03,rsi,RSI family,0.0618399977684021,0.01957455463707447,False,,-0.03545990027487278,-0.04226544313132763,-0.019841269841269826,-0.05703481266285215,-0.5643205878242584,-0.8235428803572391,-0.007294326109022586,0.09798406591009723,9.7984065910097e-05
split_025_2021-04-01_2023-07-03,volume,Volume family,0.0618399977684021,0.018276607617735863,False,,-0.03606003522872925,-0.04356339015066624,-0.04365079365079361,-0.0006603852966617918,-0.013828521952178228,-0.0200620940396202,-0.006265384834611698,0.368964448725261,0.0003689644487252608
split_026_2021-07-01_2023-10-02,return_level,Return-level family,0.03695935010910034,0.014298973605036736,False,,-0.01875241845846176,-0.022660376504063606,-0.031746031746031744,-0.03014042309739673,-0.5547579908059248,-0.5976425431333761,0.0023808489169829805,-0.4197194075764159,-0.000419719407576416
split_026_2021-07-01_2023-10-02,volatility,Volatility family,0.03695935010910034,0.01489288080483675,False,,-0.017753724940121174,-0.022066469304263592,0.02380952380952389,-0.04887892560157514,-0.7938514732200974,-0.9267320040136862,-0.001037632039386005,0.005094505526737514,5.094505526737417e-06
split_026_2021-07-01_2023-10-02,momentum,Momentum family,0.03695935010910034,0.01704510860145092,False,,-0.016086913645267487,-0.01991424150764942,-0.023809523809523725,0.06982130896916794,0.8821984073956122,0.7387316978438703,-0.02237316475703255,0.19803597573725185,0.00019803597573725146
split_026_2021-07-01_2023-10-02,macd,MACD family,0.03695935010910034,0.018175974488258362,False,,-0.015068333595991135,-0.01878337562084198,0.027777777777777846,-0.09307873064008243,-0.9502994235062099,-1.061044446088696,0.02240054522217283,-0.8316305158547759,-0.0008316305158547763
split_026_2021-07-01_2023-10-02,rsi,RSI family,0.03695935010910034,0.020922105759382248,False,,-0.013204062357544899,-0.016037244349718094,0.011904761904761973,-0.035186947943001035,-0.2167948271912108,-0.3566280321219577,0.003453864101882975,1.2647026424039183,0.0012647026424039177
split_026_2021-07-01_2023-10-02,volume,Volume family,0.03695935010910034,0.02194446511566639,False,,-0.011719981208443642,-0.015014884993433952,0.04365079365079372,-0.17158005702717882,-2.0545976858417063,-2.2981711561004055,0.025547291907821013,0.19803597573725185,0.00019803597573725146
split_027_2021-09-30_2024-01-02,return_level,Return-level family,0.05441633239388466,0.01874064840376377,False,,-0.028813369572162628,-0.03567568399012089,0.03968253968253965,0.10966468904638171,0.19103500116075667,0.6800290198716041,0.0012395271264409313,0.4540351936257756,0.00045403519362577577
split_027_2021-09-30_2024-01-02,volatility,Volatility family,0.05441633239388466,0.02016051858663559,False,,-0.028286488726735115,-0.03425581380724907,0.055555555555555525,0.022826335681282783,-0.24172527511094932,0.17055989067473742,0.002787890609241339,-0.03563563661803437,-3.563563661803434e-05
split_027_2021-09-30_2024-01-02,momentum,Momentum family,0.05441633239388466,0.02051616832613945,False,,-0.02734488993883133,-0.03390016406774521,0.011904761904761862,0.11794570290580486,0.47274565220043696,1.4168993816822617,0.0036944854591849374,0.24871045039356954,0.00024871045039356974
split_027_2021-09-30_2024-01-02,macd,MACD family,0.05441633239388466,0.02582976035773754,False,,-0.022927798330783844,-0.028586572036147118,0.02380952380952378,0.19979529662458084,0.4043499288184629,1.3683477237217812,-0.00407902528185089,0.19520050021585433,0.0001952005002158544
split_027_2021-09-30_2024-01-02,rsi,RSI family,0.05441633239388466,0.025024831295013428,False,,-0.024057846516370773,-0.02939150109887123,-0.05555555555555558,0.028779673273117368,0.11555714889811242,0.2446817889465951,0.0012397807839579222,1.1289752899814092,0.0011289752899814095
split_027_2021-09-30_2024-01-02,volume,Volume family,0.05441633239388466,0.027587512508034706,False,,-0.02191968448460102,-0.026828819885849953,-0.02777777777777779,0.17716285396030407,0.7828724359387755,1.984585354261764,-0.00018313850226492345,0.5300801295964397,0.00053008012959644
split_028_2021-12-30_2024-04-03,return_level,Return-level family,0.03719836473464966,0.02125607803463936,False,,-0.013185864314436913,-0.0159422867000103,-0.051587301587301626,0.23214224091629865,1.591985934601899,2.287599873609401,-0.016367131268024804,0.5169648065037702,0.00051696480650377
split_028_2021-12-30_2024-04-03,volatility,Volatility family,0.03719836473464966,0.019131869077682495,False,,-0.014132547192275524,-0.018066495656967163,-0.031746031746031744,0.014471639738195874,-0.14543892294459582,-0.4749119178674781,0.0073618621178934696,0.15743873656815177,0.00015743873656815172
split_028_2021-12-30_2024-04-03,momentum,Momentum family,0.03719836473464966,0.023368636146187782,False,,-0.012123139575123787,-0.013829728588461876,-0.003968253968253954,0.08871418598264857,0.368496746070067,0.5365994423713742,-0.00029320794596299216,1.0333333333333332,0.0010333333333333332
split_028_2021-12-30_2024-04-03,macd,MACD family,0.03719836473464966,0.0174490325152874,False,,-0.014444517903029919,-0.01974933221936226,-0.011904761904761862,0.13053523220145702,0.7488537022508425,1.0596202182045424,0.005717931382575592,-0.3600942284231117,-0.00036009422842311163
split_028_2021-12-30_2024-04-03,rsi,RSI family,0.03719836473464966,0.022490419447422028,False,,-0.010478921234607697,-0.01470794528722763,0.00396825396825401,-0.060951287520128794,-0.35255887704019506,-0.6581591703720622,5.72288434893542e-05,0.7666666666666662,0.0007666666666666659
split_028_2021-12-30_2024-04-03,volume,Volume family,0.03719836473464966,0.020825127139687538,False,,-0.01144244335591793,-0.01637323759496212,-0.011904761904761862,0.24511401542987354,1.7332322128784727,2.482641317013493,-0.002507220125210319,-0.10000000000000053,-0.0001000000000000007
split_029_2022-03-31_2024-07-03,return_level,Return-level family,0.04997524246573448,0.014327066950500011,False,,-0.027336901053786278,-0.03564817551523447,0.00396825396825401,0.06683116530199107,0.5377342861238605,0.780201626263868,0.009414135049429118,0.6884737136447425,0.0006884737136447425
split_029_2022-03-31_2024-07-03,volatility,Volatility family,0.04997524246573448,0.0164310485124588,False,,-0.025107478722929955,-0.03354419395327568,0.0753968253968254,0.012240937915578787,0.10912053279288259,0.13940979643531293,0.0028741085154513346,-0.3154663207419883,-0.00031546632074198845
split_029_2022-03-31_2024-07-03,momentum,Momentum family,0.04997524246573448,0.018615543842315674,False,,-0.023471119813621044,-0.03135969862341881,0.023809523809523836,0.09417958948160154,0.7763869722363319,1.102747384114288,-0.00526244775455198,0.5358257168770404,0.0005358257168770406
split_029_2022-03-31_2024-07-03,macd,MACD family,0.04997524246573448,0.017768096178770065,False,,-0.024420577101409435,-0.032207146286964417,0.035714285714285754,0.09025043861897641,0.7456674340453103,1.0611406040962432,-0.00526244775455198,0.910689158089792,0.0009106891580897918
split_029_2022-03-31_2024-07-03,rsi,RSI family,0.04997524246573448,0.023141825571656227,False,,-0.020722713321447372,-0.026833416894078255,-0.02380952380952378,-0.06666315094675546,-0.6231691101503186,-0.905335012964132,0.003287249066136755,0.6440224914231254,0.0006440224914231255
split_029_2022-03-31_2024-07-03,volume,Volume family,0.04997524246573448,0.021170778200030327,False,,-0.02202296257019043,-0.028804464265704155,-0.03968253968253971,0.046388186872486026,0.36732326932912956,0.5311336099215188,0.003448233252533295,-0.5327143270183825,-0.0005327143270183825
split_030_2022-07-01_2024-10-02,return_level,Return-level family,0.038824621587991714,0.02181849256157875,False,,-0.011637384071946144,-0.017006129026412964,0.007936507936507964,0.13448517106286229,0.4128532175024291,0.6829326508675067,-0.026643671620401377,-0.8690119899430093,-0.0008690119899430093
split_030_2022-07-01_2024-10-02,volatility,Volatility family,0.038824621587991714,0.024092819541692734,False,,-0.010029492899775505,-0.01473180204629898,-0.04761904761904767,0.04836301970717227,0.45676620698591863,0.8404563945246482,-0.052074586678236834,-0.3463547079018636,-0.00034635470790186354
split_030_2022-07-01_2024-10-02,momentum,Momentum family,0.038824621587991714,0.02135862223803997,False,,-0.011742746457457542,-0.017465999349951744,-0.04761904761904767,-0.06564471603959277,-0.03631272593275825,0.06241280216913658,-0.046510378181592205,0.26666666666666705,0.0002666666666666672
split_030_2022-07-01_2024-10-02,macd,MACD family,0.038824621587991714,0.02727508172392845,False,,-0.008012287318706512,-0.011549539864063263,-0.0357142857142857,-0.11443713774148101,-0.2583551741407375,-0.30109028833857954,-0.045122894053714724,-0.9350875237307958,-0.000935087523730796
split_030_2022-07-01_2024-10-02,rsi,RSI family,0.038824621587991714,0.026262424886226654,False,,-0.008517220616340637,-0.01256219670176506,-0.015873015873015872,0.2747933667400615,1.541892550669756,2.390519267947912,-0.04904793763824178,-0.6734223310809395,-0.0006734223310809395
split_030_2022-07-01_2024-10-02,volume,Volume family,0.038824621587991714,0.02877863496541977,False,,-0.005911633372306824,-0.010045986622571945,-0.007936507936507908,0.05304079018231267,0.423471122553718,0.8518443888669038,-0.05688277659785268,-1.4580139322799797,-0.0014580139322799795
split_031_2022-09-30_2025-01-02,return_level,Return-level family,0.05498751252889633,0.018270304426550865,False,,-0.028877681121230125,-0.03671720810234547,-0.02777777777777779,-0.3008622277602344,-2.9327464411847592,-3.4685374715709205,0.025528539218401147,-1.2989679575966888,-0.0012989679575966893
split_031_2022-09-30_2025-01-02,volatility,Volatility family,0.05498751252889633,0.018953470513224602,False,,-0.028419326059520245,-0.03603404201567173,-0.02777777777777779,0.009860762461346817,-0.35052662008170277,-0.26832342754245353,-0.023419984340902533,-0.34283082922776487,-0.00034283082922776514
split_031_2022-09-30_2025-01-02,momentum,Momentum family,0.05498751252889633,0.018288787454366684,False,,-0.028479017317295074,-0.03669872507452965,-0.08333333333333337,0.024449597552587132,0.7404114937989092,0.9349403338692062,-0.0008568185233893688,-1.5973993930989332,-0.0015973993930989334
split_031_2022-09-30_2025-01-02,macd,MACD family,0.05498751252889633,0.02430255524814129,False,,-0.024001194164156914,-0.030684957280755043,0.019841269841269826,-0.2942009584775236,-2.8778969750288557,-3.4111534149452285,0.025077800508680803,-1.2543107351344327,-0.0012543107351344332
split_031_2022-09-30_2025-01-02,rsi,RSI family,0.05498751252889633,0.0257563516497612,False,,-0.022414183244109154,-0.029231160879135132,-0.05555555555555558,-0.2740870425183992,-2.741345114341307,-3.1920281500039036,0.023544382326931235,0.4026006069010668,0.0004026006069010662
split_031_2022-09-30_2025-01-02,volume,Volume family,0.05498751252889633,0.02551659569144249,False,,-0.022369295358657837,-0.029470916837453842,-0.019841269841269826,-0.10856354880058805,-1.3526431688306035,-1.2817295340405717,0.015463195109506,-0.8640660597655998,-0.0008640660597656002
split_032_2022-12-30_2025-04-04,return_level,Return-level family,0.039199911057949066,0.020326383411884308,False,,-0.015751387923955917,-0.01887352764606476,0.00793650793650802,0.045922930705085796,0.005026968215641414,-0.06888715994418781,-0.023812534539682795,-1.6124816860250433,-0.0016124816860250434
split_032_2022-12-30_2025-04-04,volatility,Volatility family,0.039199911057949066,0.018889710307121277,False,,-0.01600697450339794,-0.02031020075082779,0.031746031746031744,0.04869270828981942,-0.1021664931517412,-0.23720658840303477,-0.028440704677576645,-0.20178898756874197,-0.00020178898756874255
split_032_2022-12-30_2025-04-04,momentum,Momentum family,0.039199911057949066,0.022789306938648224,False,,-0.01409929059445858,-0.016410604119300842,-0.003968253968253954,0.08475679924374258,-0.061636900852454435,-0.20752122019750452,-0.04082837389300653,-0.6354978446985586,-0.000635497844698559
split_032_2022-12-30_2025-04-04,macd,MACD family,0.039199911057949066,0.02517075464129448,False,,-0.01255621574819088,-0.014029156416654587,0.011904761904761973,0.008768450131448113,-0.5638129197626898,-0.7993199117652501,-0.022393159463421797,-1.8000000000000003,-0.0018000000000000008
split_032_2022-12-30_2025-04-04,rsi,RSI family,0.039199911057949066,0.024738173931837082,False,,-0.012070685625076294,-0.014461737126111984,0.03571428571428581,0.15517440522630632,0.25301787370700835,0.11732121319344202,-0.06712804747110468,-1.8792059572490043,-0.0018792059572490046
split_032_2022-12-30_2025-04-04,volume,Volume family,0.039199911057949066,0.035183317959308624,False,,-0.006274774670600891,-0.004016593098640442,-0.023809523809523725,0.019508933506697468,-0.7777630877676422,-1.0554161843402194,-0.032117824208681256,-1.0,-0.0010000000000000005
split_033_2023-04-03_2025-07-08,return_level,Return-level family,0.1459178328514099,0.04373455047607422,True,rmse_above_iqr_upper(0.088579); rmse_robust_z_gt_3.5(6.08),-0.07908197678625584,-0.1021832823753357,-0.06349206349206349,-0.175318568486734,-0.4198253984125202,-1.1393205231312038,0.004270514023309913,0.6287602767628702,0.0006287602767628703
split_033_2023-04-03_2025-07-08,volatility,Volatility family,0.1459178328514099,0.02436259761452675,True,rmse_above_iqr_upper(0.088579); rmse_robust_z_gt_3.5(6.08),-0.09071148559451103,-0.12155523523688316,-0.05158730158730157,0.48122832143084215,0.8402078459282913,3.143022885850777,-0.014827967104944495,0.06889887656377613,6.889887656377639e-05
split_033_2023-04-03_2025-07-08,momentum,Momentum family,0.1459178328514099,0.07538304477930069,True,rmse_above_iqr_upper(0.088579); rmse_robust_z_gt_3.5(6.08),-0.06283613294363022,-0.07053478807210922,-0.019841269841269826,0.6656832640121606,1.1202586289602872,4.123889425687624,0.0022955697496790384,-0.19680400019035016,-0.00019680400019034998
split_033_2023-04-03_2025-07-08,macd,MACD family,0.1459178328514099,0.05251305177807808,True,rmse_above_iqr_upper(0.088579); rmse_robust_z_gt_3.5(6.08),-0.07413099706172943,-0.09340478107333183,-0.055555555555555525,0.13306253949346836,0.3980883388899077,1.7642110802255857,-0.004447603054835492,-0.6826665201782824,-0.0006826665201782826
split_033_2023-04-03_2025-07-08,rsi,RSI family,0.1459178328514099,0.07744231075048447,True,rmse_above_iqr_upper(0.088579); rmse_robust_z_gt_3.5(6.08),-0.06645861268043518,-0.06847552210092545,-0.05158730158730157,0.58141375534977,1.2046029277496038,3.821933584500901,-0.01795987318817671,0.2506668131550507,0.00025066681315505076
split_033_2023-04-03_2025-07-08,volume,Volume family,0.1459178328514099,0.08492591232061386,True,rmse_above_iqr_upper(0.088579); rmse_robust_z_gt_3.5(6.08),-0.05796732380986214,-0.06099192053079605,-0.06746031746031744,0.16619651477057418,0.5207765951805139,1.7695428257214765,-0.011065684359918948,-0.43544482802668005,-0.0004354448280266799
split_034_2023-07-05_2025-10-06,return_level,Return-level family,0.021928003057837486,0.012274656444787979,False,,-0.005618751049041748,-0.009653346613049507,-0.059523809523809534,0.21422458471483363,1.8641620307612032,3.858665724005946,-0.019432560325759796,0.5244384211649766,0.0005244384211649769
split_034_2023-07-05_2025-10-06,volatility,Volatility family,0.021928003057837486,0.012410097755491734,False,,-0.005272047594189644,-0.009517905302345753,-0.007936507936507908,0.07099155230595722,0.9778082830939834,1.3908743669633994,-0.014647617908797539,0.9580733679310427,0.0009580733679310427
split_034_2023-07-05_2025-10-06,momentum,Momentum family,0.021928003057837486,0.013078968040645123,False,,-0.00468282587826252,-0.008849035017192364,0.00396825396825401,0.11332400661454001,1.4590902909110817,2.6411424539637114,-0.028870752775747133,0.9580733679310427,0.0009580733679310427
split_034_2023-07-05_2025-10-06,macd,MACD family,0.021928003057837486,0.015572702512145042,False,,-0.0026949821040034294,-0.006355300545692444,0.0,0.06915883752300345,0.7091126338329605,1.1101248217792081,-0.003965315472964637,0.7401640624948476,0.0007401640624948476
split_034_2023-07-05_2025-10-06,rsi,RSI family,0.021928003057837486,0.015031149610877037,False,,-0.003590662032365799,-0.006896853446960449,-0.015873015873015817,0.14083141298832524,1.139302794378525,2.4106766949689717,-0.014647617908797539,-0.9085932987356242,-0.0009085932987356242
split_034_2023-07-05_2025-10-06,volume,Volume family,0.021928003057837486,0.014522799290716648,False,,-0.003570432774722576,-0.007405203767120838,-0.05555555555555558,0.14083141298832524,1.139302794378525,2.4106766949689726,-0.014647617908797539,-0.9085932987356242,-0.0009085932987356242
